Language,hand,left,right,leg/foot,to walk,road/path,to come,to turn,to swim,dirty,dust,skin,back,belly,bone,intestines,liver,breast,shoulder,"to know, be knowledgeable",to think,to fear,blood,head,neck,hair,nose,to breathe,"to sniff, smell",mouth,tooth,tongue,to laugh,to cry,to vomit,to spit,to eat,to chew,to cook,to drink,to bite,to suck,ear,to hear,eye,to see,to yawn,to sleep,to lie down,to dream,to sit,to stand,person/human being,man/male,woman/female,child,husband,wife,mother,father,house,thatch/roof,name,to say,rope,"to tie up, fasten",to sew,needle,to hunt,to shoot,"to stab, pierce",to hit,to steal,to kill,"to die, be dead","to live, be alive",to scratch,"to cut, hack",stick/wood,to split,sharp,"dull, blunt",to work,to plant,to choose,to grow,to swell,to squeeze,to hold,to dig,to buy,"to open, uncover","to pound, beat",to throw,to fall,dog,bird,egg,feather,wing,to fly,rat,meat/flesh,fat/grease,tail,snake,worm (earthworm),louse,mosquito,spider,fish,rotten,branch,leaf,root,flower,fruit,grass,earth/soil,stone,sand,water,to flow,sea,salt,lake,woods/forest,sky,moon,star,cloud,fog,rain,thunder,lightning,wind,to blow,warm,cold,dry,wet,heavy,fire,to burn,smoke,ash,black,white,red,yellow,green,small,big,short,long,thin,thick,narrow,wide,"painful, sick","shy, ashamed",old,new,good,"bad, evil","correct, true",night,day,year,when?,to hide,to climb,at,"in, inside",above,below,this,that,near,far,where?,I,thou,he/she,we,you,they,what?,who?,other,all,and,if,how?,"no, not",to count,One,Two,Three,Four,Five,Six,Seven,Eight,Nine,Ten,Twenty,Fifty,One Hundred,One Thousand
Proto-Oceanic (Blust),*lima,*ma-wi?i,*wanan,*waqe,*lako,*jalan,*mai,*liu,*kaka?u,*maqitom,*qapuk,*kulit,*muri,*tian,*su?i,*tinaqi,*qate,*susu,*[qa]pa?a,*taqu,*rodrom,*ma-takut,*dra?aq,*qulu,*?uqa,*raun ni qulu,*isu?,*ma?awa,*ajok,*papaq,*nipon,*maya,*malip,*ta?is,*luaq,*qanusi,*kani,*mamaq,*tunu,*inum,*ka?at,*sosop,*tali?a,*ro?o?,*mata,*kita,*mawap,*tiru?,*qenop,*mipi,*nopo,*tuqur,*tau,*mwa?uqane,*pine,*natu,*qasawa,*qasawa,*tina,*tama,*?umwaq,*qatop,*?ajan,*kunu,*tali,*buku[ti],*saqit,*sa?um,,*p(w)anaq,*soka,*punuq,*panako,*punuq,*mate,*maqurip,*karu(t),*ta?aq,*kayu,*p(w)olaq,*ma-tasim,*purul,*quma,*tanum,*piliq,*tubuq,*pa?oq,*po?os,*kokom,*kali,*poli,*pukes,*tutuk,,"*(s,j)u(a,u)",,*manuk,*qatolu?,*pulu,*panij,*?opok,*lapo,*pisiko,*mo?ak,*siku,*mwata,*mwata-mwata,*kutu,*?amuk,*lawaq,*ikan,*mapu,*raqan,*raun,*waka?,*pu?a,*puaq,"*pali(s,j)i",*tanoq,*patu,*qone,"*[dr,r]anum",*qali?,*tasik,*tasik,*rano,*qutan,*la?it,*pulan,*pituqun,*taqe ni la?it,*kaput,*qusan,*kuru[ru],"*qu(s,j)ila(q)",*a?in,*upi,*ma-panas,*ma-dri(d)ri?,*ma-?a?o,*buluk,*mapat,*api,*tunu,*qasu,*qapu,*ma-qeto(m),*maputiq,*me?aq,*ya?o,*keja,"*riki(t,q)",*lapuat,*tuku,*b(w)arapu,*manipis,*ma-tolu,*kopit,,*masakit,*mayaq,*matuqa,*paqo?u,*ma-pia,*saqat,*bonor,*bo?i,*qaco,*taqun,*(q)ana-?ican,*puni,*panek,*i,*i lalo-?a,*atas,*i papaq,*ni,*na,*ra?i,*sauq,*pea,*[i]au,*[i]ko[e],*ia,*kita,*kamiu,*[k]ira,*sapa,*sai,*liqan,,*ka,*ka,*ku(y)a,,,*sa-kai,*rua,*tolu,*pat,*lima,*onom,*pitu,*walu,*siwa,*sa-[?a]-puluq,*rua-?a-puluq,*lima-?a-puluq,*?atu(s),
Proto-Oceanic (Pawley),*lima,*mau?i,,*waqe,*pano,*jalan,*lako mai,,*ka?u,,*qapuk,*kulit,*taku?u,*tian,*su?i,,*qate,*susu,*qapa?a,*kila-,*ronrom,*matakut,*dra?aq,*qulu,*?uqa,*raun,*iju?,*ma?awa,*?ami-,*?uju?,*nipon,*maya,*malip,,*mumuta,*qanu-si,*kani,*mamaq,*tunu,*inum,*ka?ati-,*miji,*tali?a,*ro?o?,*mata,*kita,mawap,*maturu,*qeno,*nipi,*nopo,*taqur,*taumata,*taumwaqane,*papine,*natu,,,*tina-?a,*tama-?a,*?umwa,*qatop,*qajan,*posa,*tali,*paqu-t??i,*saqit,*sa?um,,*pana,*soka,*tuki,*panako,*punuq,,*maqurip,*kadru(t??),,*kayu,*pasi,*tajim,,*quma,*tanom,*piliq,*tubuq,*puke,,*ta?ovi-,*kali,*poli,,*tuki,,,,*manuk,*katolu?,*pulu,*kapak,*la?o,*kasupe,*pisako,*momo?a,*siku,*mwata,*baya,*kutu,*?amuk,*lawaq,*ikan,"*ba(l,r)a",*ma?a,*rau,*waka?,*pu?a,*puaq,*paliji,*qumun,*patu,*qone,*wai?,*tape,*masawa,*wai? tasik,*rano,*wao,*la?it,*pulan,*pituqon,*taqe ni la?,*kaput,*qusan,*kuruk,*qusilak,*mata?i,*upu,*mapanas,,*masa,*su?u,*mapat,*api,,*qasu,*drapu(?),*maqeto,*purak,*me?aq,*a?o,,*rikiq,*lapapt,*papaq,"*ba(l,r)apu",*manipis,*matolu,*kopit,*lapa,*masakit,*mayaq,*matuqa,*pa?aqu,*ma-pia,*saqat,*bonor,*bo?i,*qaco,*taqun,*?a-ijan,*puni,*sake,,*(i)ralom,*atas,*papaq,*eni,,*tata,*sauq,*pea,*au,*iko,*ia,*kami,,*ira,*sapa,*sai,*liqa,*udolu,,,*kuya,*tika(i),,*sa,*rua,*tolu,*pati,*lima,,,,,,,,,
Madak (Lamasong Dial.),?uma,n?is,nasa,?e?e,p?s,?as,undeu,sapuk,ka??s,benan,kakup,ra?u,silom,baya,si,mbantine,?at,susu,ka?aya?,atik,ndo?ondo?oma,maraat,ndaa,,,kamanin,isi-,mamas,sima,?usa-,?isa,??ama-,no?on,t??,mura,imbis,an,,r?n,in,?onom,ro?op,rinti?a,ro?o,mara,vondo,m?man,u?a,,,kis,tu,rarina,randi,?aine,nat,ramas?k,rumbu,na-,tama-,anu,si? anu,asa-,vara,vu??s vo?us,vo?os,s?k,,silin,tuyu,so,so??o,isi?im,s?p,m?re,roro,?a?a,vit,una,v????m,an?n,vap mbut,??u,sia,,,s?k,vilok,r???,??t,,v?v??,,tuyu,?oyo,?andu,vi?a,?atli,mbembe,vapa,pava,?isap,wet,monok,ri?ari?a,sisi,??oro,?ap,??l?vi,??mbil??,mat,mau,?a?an,?aman,k?k?s,vusuvusu,venti,mbini,vua,wat,?a?kan??,ndan,,ma?at,ras,,karuri?,?alimbet,??olin,tian,?a?,mbolombolo?a?,?umbu,,k?mes,mantavu,vu,tatalep,mamandut,m?m?s,mbimbilu,mumuat,vu??n,ar?s,aturas,mbila? kakup,mbumbu?as,mapmavut,malamal?s,lakla??n,m??am??a,ndokndok,puruk,?umburik,mbamban,ndokndok,puruk,n?u??umit,malav??,?ut,m??an,maut,m???t,vukat,v?s???,tuntuna,m?in,na?a?ki?,,na?isa,,??,,to?,v?n?,k?r?po,na,ni,atara,p?p???a,ava,e,u,i,nd?,mbi,ndi,esa,sina,,pir?s,,,ar?? wa,pu,us,e ?as,e u,e run,e w?t,,,,,,,,,,
Madak,la??ak teren,lon?en pian? (kia),len?en tino,la?an? kadek,i yonon,la?a,i pas ode,it kis tepukus,i susu,i bilin?a,la?a kup,la bantuku,lan tuno ren,lebeln,lisi,la ban tain ren,levere,lu rus,la kaka,l arei,,marat,la dada,lak,la?a ka,lavat kambinim,lesna,i e mas,i e sumak,lon?uso,lan? san?sa silok,la?am,i e non?on,l ten?,im-to,,l anan,lt ?as,io ve,l ninin,l yatat,i dokop,labalon?,ln? ton?a,lakatli,l reven,i mao,l yon?a,mi di kapo,i robo,it kis,i tu,laradi,latlok,latkin,lamdak,hat lok,hat kin,nenen,temen,lu?u,,lasen,l pase,lokon-noos,l seput lo kon nos,l somap,,i sisiliu,i so so,i sep amet,ip sep,im nem,i sep (lobo),i met,lobo roro,i kui,i wit,lokon-nuna,i wa?am,raise anan,,i ?u?u,it lo,,i su,i dan?,lp lok la lamas,lm teban?,i ke kankan,,i suan?,,i lu lu,,la?adu (laman),livi?a - lapka,li kiau,le bebe,la-rapa,livi?a ip lava,kisap,ut-bo,la lavat pan?a von?pon?,le?et ket atla man,lisisi,kolon,laratkap,rat n?it,lavat sasalao,lemat,luna i mau,la?a kakan at luna,lovonan? at luna,le?e una at luna,la busu-nana,,beo,la?an kanen,lava ruat,la?an kanen,lo?o dan,,laras,,,la?a-irin? tubu,lakalibot,la ?alin?,le leventi,ban kubu,lusu?ao,lara kabu - le bet,lava l tepat,lava l main,lam-man-man itmas,,neni l ip livi,neni l mudut,laban tomon i man?,laban tomon imlu,,la?au,la?au l ?a?a ?au,paip,kakup,l bibi,l bubbun,l momo lo,l n?a n?an,mamaka,lobo kakalik,lobo silok,it mut (mut mut),ibalom,,,linin n?a,tap las,labi teren,,lu?u i maut,lo?u ma?at,lo?u aukat,i lok ko mek,ik mok so,la?an nimin,lakan?-kin?,lamaros,,,,,,,,lo?u na,hom lo?u,,no rakolom,,nenia,,neni,nema,nemi,nedi,la,ne?e,nedi (len taba),nema,,,,kopmen na sopo parase,lamdak i ekes,?esara,?epuna,wanton,wanret,walimo,lavana,,,vasik,san?aun,,,le ?esa mar,le ?epu mar
Bilur,akuna,ainor,a ot,a kikina,i vanan,a dip,va ?o rit,i pupukuai,i a lin,idur,otobon,a palaono,a taruna,,a urina,o unau no balana,o buaina,o una,a kaba kuna,i nunuran,,i bukur vanatnat,na ?ap,euna,aruana,akatkat-neuna,oleuna,ilo vuvu,i nu? na ur ma?it,avana,nan?iene,okaramepipi,i ar kobor,i tan?i,,tarauset,i tamo,i mame,it papava a tio ma ran,iap,apap iarkakarat,a kalikit i uu,olin?ene,i lo?or,omatana,i nei,i muiap,i bor bor,,i irereap,i ke,i tuktur,tulun?en,ame,avaina,a nuna kalkit,nuna me,nuna vaina,enano,kokono,a pal,,aiana,i urek,ololo,i kubu okukubu,i ?it,,i papanak tur va many,i panak i mo vuvur,,i varum,,i amat a bor noi,i mat,a boroi ki do,i karunono,i poko a bo roi,ovai,i parak na vovai,o matan na pul,,ipa piat,i in? na kau kau,,na ur ma?it itur,imaladir,i karu o maran?,i tolo a kuma,i?an,,i apan? a taman,,i mibira o vai,,apap,o manu,okiau,o pulina,a bebeana,o manu i mobo,a kue,na mit,,otapupuna,aoi,o?a?aulam,aut,onam,a kabilak,oi,ove i marut,a rakana,opakavai,ovakarai,o purpur,,o korkor,apiv,ovat,nana,namalum,,atai,sol,a kabalom,o lokor,a bakut,a ka la?,o kan kanmui,a bakut,omi,i to von,a pipi,a pala palai,wuwu,i wuwu,i un?ian,i kotokoto,na matetek na ma lu,na polo na malu,,aiap,aiap-iot,omi,,i mok morom,i pua,i tar,in?iliau,i lan,a nat nabora,a ?nir na boroi,a tuk,l ba ra barap,,,a nat na ?a,i tamaba,a manua,,a maula na pal,a ka la ma na na pal,akonapal,kir,i rail api koina,i morom,i kiap,kilala,,,,,,,,a pal kiti,a pa ire vatatap,,,,iau,vu,toan,mia,mula,diavaurua,a,ii,la,larap,,,,kir runa ta balbali tu ia tiri ano,i luluk,ani?,uru,tulua,vauat,lima,nono,,,latia,naaulu,,,a mar,a rip
Solos,(mo) minouh,mina keruk,mina risiki,mo mouh,tatan non,barobaron,naomeh,biriton,nanahon,kute,kuahu,mo toauh,mu te?en nuh,mo tot tuh,mu tinouh,mo tot tuh,,mu sus suh,mu rosoat uh,natenon,,napean e ratout non nakatua,mo natiuh,(mo) bakuh,(mo) nio te youh,(mu) un nuh (to baku),(mo) osuh,nuason,puinon,(mo) buruh,(mu) nihouh,(mo) mieuh,?a?ason,n?anon,e nunuanon,mo reret tuh,henon,e koranon,hahuona,kaunon,hekoton,(napean) suson,(mo) ten?in nuh,non?on non,(mo) touh,taranon,,sohon,kanaton,e sino sohon,?un?on,tonon,nakatun,natinon,natahon,mu napeani nuh,mu natinon nuh,mu natahon nuh,(mu) tinen nuh,(mu) tamen nuh,numa,,mu son nuh,ketanon,stirin?,kit noni pusi,samapon,,hahara mune non,haneinon neireh,hesakon,henatun?on,,natun?or,maton,toe non,(tua) makananon,bopo nei (?u),nen doi,robakat nuh o roi,hen,,kuinon,,,,(tua) potekon,pot non i wen,namoton,n?ahon,,e panat nei bebene,,mit nei dako,pukuo,kus,namune,nat,keam,bapahu,noh,kiso,beno,mo bosokuh,his,,tirikopu,pehut,kuhenu,kupat,nayean,roi muna non,nen doi,un (o roi),pono? (o roi),plaua,ua,hasini,kopu,rako,kotonan,kua,,tasi,,kopu kopu,duruh,nen?it,natihao,bipit,wanean,makesk,na ruat,pina,kanah,seoun?,seoun? saku non,e hetunon,e koroan non,parak,bupus,,ton?,(ton?) n?oton,ruh,kumahoan,koun?,?ekeani,kunuk,n?oa n?oan pehao,buin,(?u) i ?akei,(?u) pea,rundu?,roron,,,ti?akei,kapea,,,konohan,(numa) in binit,(numa) in daeh,roson,e youh raihon,bon?,nan,yia,ha?is,,,i,,i yas,i kopu,numai re,numai i toh,sikut,,,ena,eno,e,emen,emu  nenanu,erun nenanu,nasah,esi,,erun naobot,,,,meiyah,kason,me?,huanu,huapis,nina,tanin?,neiyonon?,hit,toan,nei sie,manot,,,natus,o nean mes or paraonh
Bola,lima,mauri,kane,vaha,bae,dala,valai,tada,huru,katoki,habulo,kuli,bito,tamudi,tuha,mahala,hate,ruru,vele,palala,loho,man?en?e,dara,?i?i,loho,ivu,rupere,ban?o,ato,n?ava,n?i,tabele,non?o,tan?i,muta,kalupe,kani,n?au,kuku,ninu,kara,hanu,talin?a,lon?o,mata,mata-i,maran?avi,mahita,mavuli,vurena,made,pesi,bakovi,to?a,n?atavine,tu,?irihi,,kina,tama,ruma,barema,ra,ta,mota,rovi,rahi,,pan?o,padi,koto,ubi,panaho,rabalaki,mate,mahuri,kari,kiri,,popo,vere,tupo,leho,varo,,ribe,padi,bebe,nu?u,keli,kona,pere,,voro,mapasi,li?o,kadirovo,bila,ivu,karapa,bebe,kuruve,bobo,bokopotu,ku,mata,,kutu,namo,e?e,manu,mavuru,pa?a,rau,kana,keke,vua,varili,malala,kedo,hire,naru,tua,dari,,dari lomu,robo,hunu,keva,hada,bubu,,vala,kururu,pelaka,vilu,kave,kara,piu,mara,mea,,kanono,n?ani,kanun?a,havula,kato,kea,vururu,n?an?o,?oma?oma,kiroko,da?i,kapo,malaku,,,,bola,madihi,maruhu,,karaba,kamumu,hale,muholi,rodo,haro,pida,?arika,rahilolo,e?e,na,lilo,meli,tano,iea,n?a,tabukoi,basi,vai,iau,ioe,ia,hita,mua,ria,ra,rei,,,,pali,,ma,?i,taku,rua,tolu,va,lima,polo-tara,polo-rua,polo-tolu,polo-vaa,ravulu,,,,
Bulu,limana,maulina,kalapana,virichona,rarachurachu,dala,maimai,pulo,churuchuru,,milimili,kulina,botona,kavutuna,tuchane,tamoduia,chateburaburana,ruruna,lochona,save,,kuani,darana,varuna,lochona,ivuna,iruna,hua n?inoro,ri?o,n?auana,n?in?ina,tabelena,non?onon?o,tan?itan?i,lualua,kalupe,chani,mamama,kuku,chinu,kani,ruru,talin?ana,lon?olon?oni,matana,vusivusi,n?avalolo,makalukalu,makalu dua,,matatau,paisisi,sino,tamochane(ka),tavine(ka),tuna,matuchana,matuchana,tamarena,tamana,luma,kapi,riona,,,topi,rachi,,pan?o,peden?a,padi,vaubi na lima,panacho,ubi,mate,machulichuli,kari,poka,chai,tate,vere,,wokowoko,vano,,laba,vari,humu,nu?unu?u,kavu,,lobe,,tapu,puru,bute,manu,chatelu,lalavena,kavena,,kuruve,balimomo,vika,ikuna,mata,balichua,?utu,makinikini,kumu?e,icha,ropo,lachana chai,lalauna chai,akalaka chai,,,?arasi,sitano,kedo,bike,nalu,,dari,dari,,koruna sibulu,chunu,keva,chadachada,bubu,,kadavu,mariaba upu,,wini,pori,roron?o,kalolova,kere,bune,,charocho,rorocho,charo,kato,kavuvu,kea,vununu,n?an?o,kobokobo,koteka,koru,botoka,malaku,,,,,vidi,,huma ka rapurapuka,kalabaka,?ora,bauka,rochotaka,bon?i,charo,,,rusiche,,,,,,kanakoi,kanakai,,malaku,,au,echo,i,sitou,mulu,ria,ira,ene,,reteu,,,,banika,?i,takena,lua,tolu,va,leina,chono,,,rio,ran?avulu,,,ran?avulu ran?avulu,vulun?a
Meramera,lima,meli,?ata,ubu,asau,vea,maino,,apa,mumu?u,,uli?uli,lama,tia,tuatua,,wate,madalo,bau,,,la?e,daldala,lete,lo?o,ivu,tabu,sumi,wase,ase,livo,tabele,poli,ta?i,lua,piso,?ani,mama,bole,?inu,a?ara,inu,tuli,lo?e,mata,ite,talamama,?olo,,tada,u?u,ma?ili,bibi,latamane,tavine,natu,sua,,tina,tama,ruma,bilas,isa,ade,mot,tavilie,sai,,musi,padi,,ubi,pa?a?ali,valpute,mate,,kasi,,,valpole,binaso,,voku,dana,,u?usi,vonu,pule,laptole,elai,,pea,,,bosa,buse,manu,toltolu,ivu,,lovo,?ei,ma?ini,vi,iu,al?usu,paepase,kutu,lalama,kukule,ai?a,pasa,lala,laulau,a?ano,velevele,,?ulu?ulu,ma?ama?a,vatu,ma?ama?a,nanu,,dasi,masi,,tibulu,la?i,?ame,mata?ido?ido,usa,ausa,adavu,tupaulu,sima,vivili,,tivula,ma?i?i,ta?asa,sisi,,wavi,lululu,mu?ona,kavo,paulu,keakea,kasoso,ia?a?o,esa?esa,malabain,buo,boto,la?o,,,,,davutina,,mumu?u,alaba,doa,mamao,,nalodo,malada,,aisa,,sa?e,,lilo,,lu?uva,,,,bula?o,iva,ia,o?o,ei,amtou,amteu,sou,sava,sei,,,,,,,?i,taku,lua,tolu,iva,lima,pantasa,padilua,pantolu,ialasue,savulu-tasa,,,,
Waray-Waray,kamot,wala,tu-o,tiil,lakat (lumakat),dalan,kanhi (pakanhi),liko (lumiko),lan?oy (luman?oy),hu?aw (mahu?aw),tapo (tapo-tapo),panit,likod,tiyan,tul-an,tinae,atay,du?han,su?bon?,kila (makilala),huna,hadlok,du?o,ulo,lio?,buhok,iron?,hawa,baho (bumaho),baba,n?ipon,dila,tawa (tumawa),tan?is (ma?tan?is),suka,lura,kaon,sam (samsama),luto,inom,ka?at (ka?ata),sup,talin?a,dun?o? (madun?o?),mata,kita,hoy-ab,turo? (katuro?),hi?da (humi?da),inop,lin?kod,tindo? (tumindo?),tawo,lalake,babaye,anak,asawa,asawa,iroy,amay,balay,atop,n?aran,yakan (yakana),pisi,taod,tahi,da?om,kanop (man?anop),pusil,buno,i?o (i?o-a),kawat (man?awat),patay,matay (mamatay),buhi (mabuhi),karos (ma?karos),?utin?,kahoy,tun?a,tarom (matarom),karol (man?arol),buhat,tanom (ma?tanom),pili,tubo (tumobo),huba? (manhuba?),pu?aa,kapot,ukab,palit (mapalit),buklad,balba? (balba?a),labay,hulo? (mahulo?),ayam,tamsi,bunay,barahibo,pako,lupad (lumopad),yatot,unod,mantika,iko?,halas,wati,tuma,namok,lawa,isda,dunot (madunot),san?a,dahon,?amot,bukad,prutas,sa?bot,tuna,bato,baras,tubi?,a?as,da?at,asin,lanaw,?uba,lan?it,bulan,bitoon,dampo?,dampo?,uran,dalo?do?,lenti,han?in,huyop (pa?huyop),alindan?a (maalindan?a),tu?naw (matu?naw),mara (mamara),hulos (mahulos),bu?-at (mabu?-at),kayo (kalayo),suno? (masuno?),aso,abo,itom (maitom),busa? (mabusa?),pula,dulaw (madulaw),,?uti,dako,mubo (hamubo),laba (halaba),nipis (manipis),dakmol (madakmol),li?ot (hali?ot),lapad (halapad),sakit (masakit),awod,edar (edaran),ba?-o (ba?-uha),upay (maupay),raot (maraot),un?od,?ab-i,adlaw,tui?,san-o,ta?o,saklan?,ha,ha,baw,ubos,ini,iton,rani,rayo,diin,ako,ikaw,hiya,kami,kamo,hira,ano,hin-o,iba,tanan (n?atanan),u?,kon,paunan-o,diri,ihap,usa,duha,tulo,upat,lima,unom,pito,walu,siyam,pulo (napulo),pisita,piluka,?atos,yokot
Kapampangan,?amat,kaili,uanan,butit/bitis,lumakad,dalan,datan?,kumorba,kaue,marinat,alikabuk,balat,?ulut,atian/atsan,butul,bituka,ate,susu,pa?o,abalu,misip,tumakut,daya,buntuk,batal,buak,arun?,man?isnaua,bauan,asbuk,ipan,dila,mayli,?uma?a,maniuka,dumura,man?an,lan?ut,ma?lutu,minum,kuminis,sipsip,balu?bu?,makiramdam,mata,manakit,manuyab,matudtud,ma?kera,maninap,lukluk,tikdo,tau/tawu,lalaki,babayi,anak(sin?.)/ anak(plural),asauan? lalaki,asauan? babayi,indu (archaic)/ ima,ibpa (archaic)/ tata,bale,atap,la?yu,sabian,lubid/ tali,itali,tayian,karayum/ karayun?,man?asu,mamana,maniaksak,mamaru?,manako,paten,mate,mabie/ kumabie,?atal,mamutut/ manabak,patpat,maban?al,mataram,mapurul,manasik,mananam,mamili,da?ul,man?alba?,mamasla,paslan,man?ulkul,sali,buklat,bayu/ bayu'an,baron??an/ mamu?a,manabu,asu,ayup,ebun,bulbul,pakpak,sula?po,da?is,laman,taba,iki,ubin?an,bulati,kutu,amuk,baba?ua,asan/ asan danum,mebuluk,san?a,bulun?,amut,sampa?a,bun?a,dikut,?abun,batu,balas,danum/ danum taban?,duma?us,dayat malat (archaic)/ da?at,asin,dano,?ubat,banua,bulan,batuin,bi?a,amu?,uran,duldul,alti,an?in/ tiup nin? an?in,labul,mapali/ kaleldo,marimla,malan?i,mabasa,mabayat,api,masilab,masuk,abu,matulin?,maputi,malutu,mapapan,aluntian,malati,mara?ul,makuyad/ pandak,makaba,maimpis,makapal,maskup,malualas,masakit,marine,matua,bayu,mayap,marauak (archaic)/ marok,tutu,ben?i,abak,banua,kutan?,salikut,manik/ mukyat,kin?,kilub,babo,lalam,ini,ita,malapit,malaut/ marayu,nukarin,aku,ika,iya,itamu,ika (sin?.)/ ikayu (plural),ila,nanu,ninu,aliua,sabla/ ?ana-?ana,ampon,nun?,makananu,ali,mamilan?,metun?,adua,atlu,apat,lima,anam,pitu,ualu,siam,apulu,aduan? pulu,liman? pulu,dinalan,metun? a libu
"Sangil, Saragani Islands",lima,ka'iri,ko'anen?,?isi?,du'malen?,,,tum?'nun?,ku'mayan?,mal?n?'ku?,?a?u,pisi,l?kud??,tian?,duri,ti'nai,?ate,susu,b?m'ban?,ma'sin?ka?,,ma'taku?,dara,t?m'bo?,rer??,?uta?,?ilun?,,makam'bu  (?m'bu),moron?,?isi,dila,lum?'?ay,ru'meo  ('reo),muta,man??'du  (?'du),ku'man?  ('kan?),di'lin?,suma'roka,ma'n?inun?  ('?inun?),ma'n?iki  ('kiki),man?'su?  (s?'su?),tuli,maka'din?ir??,mata,maka'silaw,,k?'naben?  (k?'nab??),,?ipi,kuma'ian?,duma lisi?,taw,?ese?,?a'?inay,da'lio,sa?a,sa?a,?inan?,?aman?,?ale,?atu?,?alen?,m?'bela  ('?ela),tali,ma'n?iki?  ('?iki?),m?n?'?epe?,darun?,ma'n?anu?  ('?anu?),,man?'so?  (s?'so?),,ma'nako  ('tako),ma'mate  ('pate),nate  ('pate),,ma'kati?,ma'n?orob??  (korob??),kayu,,moro,ma'momo  ('momo),m???'b?k??,m?'suan?,ma'mile  ('pile),,,m?r?n?'kun?,man??m'bel??  (?m'bel??),ma'man?ka  ('?an?ka),mam?'li  (??'li),,m?'ba?  (?'ba?),m?n'dina?,ma'na?o  ('na?o),?asu,manu?,taur??,b?m'bu,panid??,tum?'a?,?a?o,,taba,toay,ka'toan?,la'wati,kutu?,t?'n??,?aki'na?a,kina?,ma'rene?,,daun?,ramu?,?ula?,?ua,,?n'tana,?atu,s?'aen?,?ake?,,sasi?,?udak??,lano,da'luku?,lan?i?,?uan?,?i'tuin?,?i'na?a,,ta'riti,d?'u?,kila?,?an?in?,ma'niu?  ('tiu?),mati'ti?,mad?n'din?,ma'mala,ma'nanta?  ('nanta?),ma??'ra?,putun?,ma'nutun?  ('tutun?),tipu,?a?u,mitun?  ('?itun?),ma'?ila,ma'ramu?,ma'didi?,?adun?,ka'tio?,mati'kan?,ma'sana?,ma'nandu  ('nandu),ma'nipi?  ('nipi?),mak?'pa??,ma'ninta?,moan?,mat?'du?,ma'mea,ti'bay,?u'ru,ma'pia,dai?,,r?'bi,law,taun?,n?ele?,ma'muni  ('buni),ma'n?a?i?  ('?a?i?),,,,su 'aun? u...,,,ma'san??id??,ma'law  ('law),su 'apa,,,,,,,?apa,say,?a'ine,k?'bi?,,bila,pila,ba'ine,ma'milan?  ('bilan?),sa,da'lua,ta'tau,pa?,lima,nun?,pitu,waw,siaw,ma'puo,duam'puo,,rasu?,ri?u
Tagalog,kamay,kaliwaq,kanan,paqa,lumakad,daqan,dati?,lumikoq,luman?oy,marumi,alikabok,balat,likod,tiyan,buto,bituka,atay,susu,amoy,alam,ma?isip,takut,du?oq,ulo,liqi?,buhok,ilo?,humi?a,amuyin,bibi?,?ipin,dilaq,tumawa,umiyak,sumuka,lumuraq,kumain,?uyaqin,ma?lutoq,uminom,ka?atin,humi?op,taqi?a,makini?,mata,makita,humi?ab,tulu?,humi?aq,mana?inip,umupoq,tumindi?,ta:o,lalaki,babaqi,anak,asawa? lalaki,asawa? babaqi,ina,ama,bahay,atip,pa?alan,ma?salitaq,taliq,taliqan,ma?tahiq,karayom,mamaril,barilin,saksakin,itapun,ma?nakaw,ma?patay,patay,buhay,kamutin,putulin,kahoy,biyakin,talim,mapurol,ma?trabaho,ma?tanim,mamiliq,tumu boq,mama?aq,pi?aqin,hawakan,paramihin,mamili,ma?bukas,tukaqin,itapon,mahulo?,aso,ibon,itlo?,buhoq,pakpak,lumipad,da?aq,laman,tabaq,buntot,ahas,uqod,kutu,lamok,?a?amba,isdaq,mabahoq,sa?a,dahon,u?at,bulaklak,bu?a,damo,lupaq,batu,pasi?,tubi?,uma?os,laud,asin,lawa?,?ubat,la?it,buwan,bituqin,ulap,hamo?,ulan,kulo?,kidlat,ha?i?,umihip,maqinit,malami?,tuyoq,basaq,bi?at,apoy,masuno?,humithit,abu,itim,putiq,pula,dilaw,berde,maliqit,malaki,pandak,mahabaq,manipis,makapal,makitid,maluwa?,sakit,hiyaq,matandaq,ba?o,mabuti,masamaq,tutoqo,?abi,araw,taqon,kaqilan,ma?ta?oq,pumanhik,sa,[sa] loqob,itaqas,ibabaq,ito,iyon,malapit,malayoq,saqan,ako,kayo,si?a,tayo,kayo? lahat,sila,ano,sino,iba,lahat,at,ku?,papaqano,hindiq,ma?bila?,isa,dalawa,tatlo,apat,lima,anim,pito,walo,siyam,sampu',dalawampuq,limampuq,isan? daqan,isan? libo
Cebuano,kamut,wala,tuo,paa,molakaw,dalan,moanhi,moliko,molan?oy,hu?aw,abu?,panit,likod,tiyan,buko?,tina-i,atay,du?han,aba?a,maalamon,ma?hunahuna,mahadlok,du?o??,ulo,lio?,buhok,ilon?,mo?inhawa,mosimhot,ba'?ba'?,n?ipon,dila,mokatawa,mohilak,mosuka,manluwa,mokaon,usapon,ma?luto,moinum,mopaak,mosupsup,dalun??an,madun?o?,mata,motan-aw,man?huy-ab,matulo?,mohi?da?,ma?dam?o,molin?kod,motindo?,tau,lalaki,babaye,anak,bana,asawa,inahan,amahan,balay,atup,n?alan,bun?at,pisi,ihukot,ma?tahi,da?um,man?ayam,mamana,luba?,manumba?,kawaton,mopatay,mamatay,mabuhi,kaloton,moputol,kahoy,pikason,hait,habul,ma?-uma,ma?tanum,pili?-on,motubo?,mohuba?,mopu?a?,mohawid,mokalot,mopalit,moukab,lubokon,ilabay,mahulo?,iro?,lan??am,itlo?,balahibo,pako?,molupad,ila?a?,unod,lana,iku?,halas,wati,kuto,lamok,lawa-lawa,isda,lata?,san?a,dahon,?amut,bulak,bun?a,sa?but,yuta,bato,balas,tubi?,a?as,da?at,asin,lin-aw,lasan?,lan?it,bulan,bitoon,pan?anud,?abon,ulan,dalu?do?,kilat,han?in,mohan?in,init,tu?-naw,u?a,basa?,bu?-at,kalayo,sunu?on,aso,a?iw,itum,puti,pula,dala?,hilaw,?amay,daku',mubo?,ta?as,nipis,ba?a',ha?ip-ot,lapad,sakit,naulaw,ti?ulan?,ba?-o,maayo,da-utan,tinuod,?abi'i,adlaw,tu'i?,kanus-a,ta?o?,mosaka,sa,sa sulod,sa itaas,sa ubos,kini,ka'na,duol,layo,asa,ako,ikaw,siya,kami,ikaw,sila,unsa,kinsa,lain,tanan,u?,kun?,unsaon,dili di,ihap,one,duha,tulo,kwatro,lima,onom,pito,walo',siam,napulo,kaluhaan,kalima-an,usa ka ?atus,usa ka libo
