Banggai (W.dialect),lima,bobo,bakaliŋa,ai,ampakon,loloon,lubat,,kayok,ɡirit,,kulit,toŋkuluŋ,tia,buku,,ate,susu,beŋe,suuŋ,pikir,ma-takut,sau,ulu,buŋkut,buuk,,asaaŋ,onoki,baba,ŋoliŋ,alep,kumbit,kokiil,tolue,,kaan,,saaŋ,inum,kakat,sosop,taliŋa|i,loŋol,mata,kita,,moolo,ɡoloŋ,ulumon,duduk,kokondoŋ,baŋɡapi,malane,boʔine,pau,laŋkay,boloki,tina,tama,bonua,louŋ,sambu,bantil,alos,boboi,kaut,pakaut,maŋ-asu,mam-panapi,suduk,umbas,bonikuk,tembel,mate,tubo,,tabas,kau,bata,mamaŋan,,balimaŋ,man-sasak-on,ilei,tuboy,baŋkak,piis,kaŋɡi,ɡali,moŋ-oli,aŋat,tuda,suuŋ,tuoŋ,asu,manu-manuk,ɡalau,bulu,papil,leal,bukoti,antok,lanak,puus,bindana,uloy,kutu|k,,loa,susum,manas,paŋa,loon,[ɬ]akat,buŋa,sao,,tano,batu,bone,paisu,tuul,dalaŋon,timuson,,,timbu,bituon,bituon pauna,bunoŋ,,udan,ɡuruk,kilap,bombuul,puul,onas,demel,tiis,bunus,barat,[po]bilat,kupul,tibolun,,pook,ute,[me]mela,soni,lampal,didik,babasal,pololoba,,nipi,bondoloŋ,boot,belay,ma-sakit,mamaa,,soodo,dondok,lokis,tuu,,oloyo,taum,no|ian,sapit,liba,doi,doi laloŋ,,,nia,noko,lolani,doon,doiaa,iaku,ikoo,iana,ikita,ikomuyu,ianila,oila,ilee,meeŋ,saibi,,sio,bulaa,aki,,meeŋ,lua,tolu,saŋkap,lima,noom,pitu,alu,sio,soŋulo,lua korono,,sakat,
Chamorro,kannai,akaɡue,aɡapa',addenɡ,lahu,chalan,maila',bira,nanɡu,hoplat,potbos,lassas,tatalo',estomaɡu,to'lanɡ,tilipas,hiɡadu,susu,apaɡa,tunɡo',hasso,kinibatde,haɡa',kabesa,aɡa'ɡa',ɡapotulu,ɡui'enɡ,haɡonɡ,nɡinɡe',pachot,nifen,hula',chalek,tanɡes,muta',to'la',chochu,ɲamɲam,chahan,ɡimen,akka',chopchop,talanɡa,hunɡok,mata,li'e',maɡap,maiɡo',asson,auifi,mata'chonɡ,tachu,taotao,lahi,palao'an,patɡon,asaɡua,asaɡua,nana,tata,ɡuma',atof,na'an,sanɡan,tali,traba,lakse,haɡuha,peska,paki,bulokbok,faɡɡas,sakke,puno',matai,lala'la',kassas,cha'lak,hayu,mapɡa',kadidok,ɲaɲo',hotnat,tanom,ayek,dokko',banna,fokse,ɡo'he,ɡuaddok,bona,atbuetto,acha,aɡuet,lotɡon,ɡa'laɡu,paharu,chada',pulu,pappa,ɡupu,cha'ka,katne,mantika,dadalak,kolepbla,ulo',hutu,ɲamu,sanye'ye',ɡuihan,lamas,ramas,haɡon,hale',flores,inasahan,cha'ɡuan,tɔno',acho',unai,aɡua,,tasi,asiɡa,haɡoe,bundak,lanɡet,pulan,puti'on,mapaɡahes,afao,ame',hulu,lamlam,manɡlo',ɡuaife,maipe,fuɡu,anɡɡlo',fotɡon,makkat,ɡuafi,pakko',asu,apu,attilonɡ,a'paka,aɡaɡa',amariyu,betde,dikike',dankolo,ebaba',laɡuas,kanifes,potpot,anɡɡosto,fedda',saɡe',mamahlao,amko',nuebu,buenu,baba,maɡahet,puenɡi,dia,aɲu,nɡai'an,na'atok,hotde,ɡi,halom,hulo',papa',ini,enao,fi'on,chaɡo',amanu,ɡuahu,haɡu,ɡuiya,hita,hamyo,siha,hafa,hai,otro,puru,ya,komu,[hafa] taimanu,ahe',tufonɡ,unu,dos,tres,kuatro,lima,ɡunum,fito,ɡualo,siɡua,fulu,huɡuiyai na fulu,limiyai na fulu,ɡatos,chalan
Timugon (Murut),kalinduq,kait,pamiris,kalayam,uɡad,dalan,-datoŋ,-lisaŋ,-saduy,-jamol,jamol,kuŋkuŋ,bakuluŋ,tinaiq,tulaŋ,tinaiq,aŋkayaw,titiq,limbawo,-panday,-kadaq,-laaq,dadaaq,ulu,lioɡ,abuk,aduŋ,-painawo,-alok,kabaŋ,dipon,dilaq,-kudit,-taŋiq,-luaq,-tiwoɡ,-akan,-sapaq,-ansak,-inum,kokot,-tiop,taliŋo,-doŋoɡ,mato,-kito,-uab,-boloŋ,-luyaq,-inuqi,-tuduŋ,-biɡod,ulun,uŋkuyon,duandoq,anak,dalaki,anduq,inaq,amaq,baloy,taap,iŋɡ|ɡalan,-indaɡu,tali,-dukuɡ,-pikit,jadum,-lulaq,-sapuk,-tobok,-lambaq,-takow,-patoy,-patoy,-biaɡ,-kukut,-putul,tataun,-lapaq,-ladom,-ŋaŋol,-kandoy,-tanom,-piliq,-tuuq,-lanit,-paɡaq,-oŋɡom,-kali,-bali,-ukab,-tutu,-bobol,-datuq,ukuq,susuit,taluq,bulu,kawo,-siab,tikus,umas,lomok,ikuq,kukuo,liŋɡuaŋ,kutu,namuk,lawaq,papait,-[b]otoŋ,daan,daun,bakat,busak,kawaq,sakot,tanaq,batu,aɡis,timuɡ,-taas,daat,usiq,luoɡon,kataunan,dasawat,bulan,butitin,ɡaun,ɡaun,dasam,tiŋkalud,ɡanit,aŋin,-sampuy,-lasuq,-simuq,-puaq,-[b]asaq,-[b]aɡat,apuy,-solob,lisun,k|au,-itom,-pulak,-liaq,-silow,-sansam,bobodok,-[ɡ]ayo,-ɡanaq,-[ɡ]awad,-nipis,-kapal,-pisok,-pilaq,-duol,-uyuq,-tuo,-[b]aɡu,-[b]ansoy,-laat,-topot,dondom,odow,bilod,saŋɡ|ilan,-isisibuni,-aloy,da,da [lalom],da sawat,da ɡanaq,ɡitio,ɡinio,-maad,-[ɡ]alud,ati,aku,[o]kow,io,[i] to,[a]kaw,ilo,atan,osoy,bokon,ŋqiq-ŋaiq,om,nu,ati kulaan,kalo,-untob,saa[q],duo,talu,apat,,,,,,,,,,
Lamaholot Ile Mandiri (Flores Timur),liman,nekin,wanan,lein,pana,laran,seɡa,welok,naŋe,milan,awo,kamak,kolan,alen,riuŋ,tain kebotin,aten,tuhon,hanan,noi,peten,soʔot,mei,koten,wulin,ratan,irun,harin[nain],sion,wewan,ipen,wewen,ɡeka,tani,mutaʔ,perino,ɡan,mamaʔ,biho,nenum,ɡike,isek,tilun,bain,matan,tede,hoan,turu,ledan,turen,tobo,deʔi,ata,belakin,berwain,ana,lake,kewae,ema,bapa,laŋo,un,naran,marin,tale,puin,hawu,luhi,hewan,pasak,tubak,berin,temaka,sebele,mata,morit,ɡa'u,belo,kajo,wikak,deket,dat,keriaŋ,mula,pile,tawa,baʔa,piʔuk,pehen,ɡelin,hope,buka,bajo,ɡebaʔ,desaʔ,aho,kolon,teluk,rawuk,kepin,beka,kerome,metan,woran,ikun,ulaʔ,kebeŋe,kuto,kenamuk,muɡuraɡa,ikan,dewan,waŋen,lepan,amut,puhun,wuan,lu'o,tana,wato,wera,wai,baʔ,tahik,siʔa,tasik,penet,kelen,wulan,petala,kowa,beruhun,uran,peledek,kehilat,aŋin,buʔ,pelate,ɡelete,mara,kedemu,baʔat,ape,tuno,nuhun,kawuk,miten,buran,meʔa,mwarau,menuran,keni,bele,keru,belaha,te|nipi|n,bate,sepit,belapar,belara,miaʔ,tuaʔ,wuʔun,mae,date,muren,nokon,leron,sun,nuan ɡaʔen,horon,ɡere,ta,ta one,heti,lali,piʔin,peʔen,dahe,doan,teɡa,ɡoʔe,mio,naʔe,tite,mio wakaŋkae,raʔe,a,heɡe,ɡehan,wakaŋkae,noʔon,kalu,neŋɡa,take,ɡasik,toʔu,rua,telo,pat,lema,nem,pito,buto,hiwa,pulo,pulu rua,pulu lema,ratu tou,ribu tou
Buginese (Soppeng Dialect),lima,abeo,atau,aje,joppa,laləŋ,lao komai,ləsu,naŋe,ma-rotaʔ,awu,oli,aləkkəʔ,baua,buku,paruu,ate,susu,salaŋkaŋ,issəŋ,man-nawa nawa,metauu,dara,ulu,əlloŋ,ɡəmməʔ,iŋəʔ,maɲ-ɲawa,maŋ-əmmau,bawa,isi,lila,macawa,tarii,tal-lua,mam-meccu,manre,ota,man-nasu,menuŋ,mak-kokko,maŋ-iso,doccili,mar-eŋkaliŋa,mata,mak-kita,maŋ-aleale,ma-tinro,lewuu,nipi,tudaŋ,təttoŋ,tau,orane,makunrai,anaʔ,lakkai,baine,indoʔ,amboʔ,bola,pabbiŋəŋ,asəŋ,mak-kədaa,tulu,mas-sio,maʔ-jai,jaruŋ,rəŋŋəŋ,maʔ-balliliʔ,maʔ-ɡajaŋ,tətteʔ,mennau,maʔ-buno,mate,tuo,mak-kakkaŋ,təttaʔ,aju,pueʔ,ma-tarəŋ,ma-kunru,maʔ-jama,tanəŋ,mile,tuo,bəkkaʔ,tassipi,mak-katənni,mak-kae,əlli,timpaʔ,man-nampuʔ,maʔ-dempəʔ,mabuəŋ,asu,manuʔ manuʔ,[it]təllo,bulu,panni,luttu,balawo,juku,lunraʔ,ikkoʔ,ula,[a]lati,utu,namoʔ,ɡaraŋkaŋ,bale,ma-kəbboŋ,takke,dauŋ,urəʔ,buŋa,bua,sarii,tana,batu,kəssiʔ,uae,mas-soloʔ,tasiʔ,pəjje,tapparəŋ,aləʔ,laŋi,wuləŋ,wittaiŋ,əlluŋ,salewu,bosi,ɡuttu,billəʔ,aŋiŋ,mat-tappoʔ,ma-pəlla,ma-kəcceʔ,ma-rakko,ma-ricaʔ,ma-tanəʔ,api,mat-tunu,rumpu,awu,ma-lotoŋ,ma-pute,ma-cəllaʔ,ma-ridi,ma-kudaraʔ,ma-biccuʔ,ma-raja,ma-poncoʔ,ma-lampe,ma-nipi,ma-umpəʔ,ma-cikkəʔ,ma-sakka,pəddi,siriʔ,ma-toa,ma-baru,ma-deceŋ,ma-jaa,toŋəŋ,wənni,əsso,tauŋ,uppanna,maʔkasubbu,tukaʔ,ri,ri laləŋ,ri aseʔ,ri awa,ia-e,ia-tu,ma-caweʔ,ma-bela,keɡi,iaʔ,iko,ia,idiʔ,iko manəŋ,ia-manəŋ,aɡa,niɡa,laiŋ,manəŋ,sibawa,nakko,pekua,de,bilaŋ,seʔdi,dua,təllu,əppa,lima,ənnəŋ,fitu,arua,asera,səppulo,duappulo,limappulo,səratuu,sisəbbu
Kemak,lima-r,to:ʔi,ba:na,ɔɛ|ɛ,sɔlɛʔ-rae,sala,mai,si:pɛ,naɡi,riʔi,ra:pɔ apa,uliti,ɡənɔ-rɔ tai ait,waʔi-ri,ru:i,tɛr susu,atɛ-r,,,ta:da,hanɔi,təmaʔut,ra,ɡara-r,kɔrɔ-rɔ,ɡara-ra hulu,ilu-ru,mɛrɛs hɔpar,mɛʔu,ibɔ-rɔ,nipa-r,lamara,ɡi:nala,,muta,lɔtaʔabara,a,,ede sanu,inu,at,mus,li:ɡa:-ra,rɛ:ɡa,mata-r,ɛtɔ,,bɔɛ,bwɛ:kaka,,mudu,a:ra,atamasa,ma:nɛ,hi:nɛ,ana-r,la:i-ri,hɛ-r,i:na-ra,ama-kai,,,ɡala-ra,ha:bu,tali,hu:tu:,sɔ:ra,,mɔla rae,posi,u:nu,ti:di,,taupɛ:pa,matɛ,mwasa,kurui,ta,ai,pɔʔa,hati,bo:u,sirbian,,,,bubu,measa,sa:li,du:i,,,,tia:ra,manahu,asu,ma:nu,manu telo,hulu-ru,lilapa,muluhu,,si,kɔlɛ,hiʔo,ulala,kwɛ:rɛ,u:tu,,,ika,ma:pu:,,ai taha,ha:ʔa:,ai hi:tu,ai hoa,sut,rae,hatu,ɛrɔɡɔ,bi:a,dɔ:dɔ,tasi,si:a,tapʔo,ai lara,lɛlo mata,ulan,hi:tu,tahɔ,ta:hɔ,u:sa,,,aɡi,huiri,banasa,raisuma,mɛɡɛɡa,bia:,mɛdɛda,api,api na,m|asu,ra:pɔ,metama,buti,mea:ka,mɛɡɛ,mɔsɔkɔ,lɔ:ba,bɔ:tɛ,badaka,m|alaru,hidɛrɛ,hɔmɔɡɔ,kɔlɔtɔ,mɔlɔa,,,tu:ma,hɛ:u,mɔlɔi,tai mɔlɔi,tua:,dodaɡa,ha:la,tɔna,bai|pi:la,,,di:a,dia lara,,,nɔɡɔ,nua,hɛ:si:,sɔɡɔ,puana:-ba,au,ɔ,ua,ita,imi,rɔma,seba,ba:sia,sɛ:lɔ:,hotuhotu,nɔ,kalu,tausɛ-wa,tai,su:ra,sia,hru:a,telu,pat,,,,,,,,,,
Murnaten (Alune),bala-,mapale,makonale,lela,solo,lalane,luake,βalie,nasa,mopone,tapele kweini,usa-,muli,tia βui,luli-,usi-,lale,susu,enu-,rekwa,nenəte,rila-,lalakwe,ulu βuai,mokane,ulu,inu-,lihi nakwa,ata,biru-,nie,mei-,mali,rani,loa,toe,kane,losa,moa,kinu,loto,soso,tine loi,lene,mata,mese,malewa,tulu,atele,mani,rue,kele,tamata,makwai,bina,kwetele,makwai,bina,ina-,ama-,luma,ate,nane,beteke,mekute,eta,boli,lalune,usere,runu,sipa,loso,melea,bunu,mata,mahai,klasi,repa,ai,tetae,tinale,supele,kerike,stnane,lilake,kusu,pakai,lotae,kerike,kali,saβe,siβa,tutu,raβa,tetu,asu,manue,telu-,bulu,kihoi,ribu,maβakwe,tinai,minati,alu-,neneha,βiale,utu,mumule,kwalakwa,iane,pulute,sana-,loin,lamuiti,ure-,bua-,tapuane,tapele,batu,tapele,kwele,rala,meita,tasie,tibu,melate,lanite,bulan,male,oute,βuβute,ulane,tala,silane,balate,βue,musu,miri,seki,bosi,bulute,auʷe,busa,kweini,lopone,metene,putile,lalakwe,porole,malae,tone,elake,rokone,naluke,minite,telu-,kapete,sihai,kera,asomi,tuane,beluke,misete,kahiane,kena,mailene,petu,musune,petu ila,buni,sa:,epai,pailala,lolete,peleβu,emere,emero,tea,lauke,eteka,au,ale,ile,ite,imi,sie,sare,sire,makete,pusue,kai,kalo,leka,mo,nuake,esa,lua,telu,ata,lima,ne,itu,kwalu,sikwa,butu esa,butu telu,butu lima,utune,usate
Maloh,taŋan,kayoko,kato,kaki,lambaʔ,dalan,mondok,lempaŋ,arananaŋ,kotor,,kulit,balakaŋ,bataŋ,tulaŋ,parut,ate,susu,babaŋ,tamu,bapikir,takut,daraʔ,ulu,kaloŋ,buk,iŋar,batak ɲawa,mambu,babaʔ,isi,lilaʔ,tatawa,a-naŋis,talimbuak,ma-lasuʔ,aŋkan,,mapiaŋ,ma-iɲum,kokot,maɲusuʔ,taliŋa,man-daliŋa,mata,bele,ma-uap,tindoʔ,arabaʔ,mui,duduk,kadeŋ,mantuari,babaka,babaiʔiŋe,anak,baka,baiʔiŋe,induʔ,amaʔ,sau,tuduŋ,asan,jarum,tali,miŋket,mandait,darum,mansuʔ,manimbak,majuk,siɡusu,kalit,bunoʔ,mate,idup,maŋauʔ,papas,kayu,balaʔ,[ba]taram,atimbin,karaja,tanam,,,kambaŋ,mamaras,maŋkam,maŋali,bali,ilakeini,manutuk,mamantik,alau,asu,buroŋ,intaror,bulu,sap,min/sap,balau,isiʔ,-iɲak,iŋko,urar,ulas,kutu,ɲamuk,lalawaʔ,lauh,ba-uruk,dan,daun,urat,buŋa,buaʔ,rimput,tanaʔ,batu,kasik,danum,areaŋ,roŋ jawa,siaʔ,dano,toan,suan,bulan,bintaŋ,dom,aun,so|uran,dalak,kilat,so|aŋin,tiap,panas,diŋin,kariŋ,,borat,api,tutuŋ,rimbu,kutuan,intarum,ba|ute,dadaraʔ,tantamuan,mamata,keke,bara,pandak,[ba]laŋke,nipis,[ba]tabal,supit,ribar,padis,bawaʔ,toa,baru,mam,ajau,tapat,malam,aso,taun,endisi,lamun,ambit,i/di,i/di,ibo,iyauŋ,indiʔ,indin,insoʔ,ba|jau,dainsi,iak,iko,ia,ikiʔ,ikin,ira,aisi,intain,lan,kausan,nana,atiʔ,aisi loʔa,bokan,maŋoroŋ,sera,dua,talu,ampat,lima,anam,tujuʔ,lapan,samilan,sa-puloʔ,dua puloʔ,lima puloʔ,sa-ratus,sa-ribu
Ngaibor (S.Aru),lema-,aŋapŋapa,alemlema,abay,orter,,maʔ,labuar,neŋ,muŋir,koraw,kaley,tilkey,tubir,tul,tubir letlesar,ota,mim,pera,raka,-naŋan sera-,bebar,sopir,d͡ʒikala,akal-,ɡul,d͡ʒuri-,nal pet,korpow,papa-,nin,kabelir,mel,ten,mota,nər,manam,karaŋur,nai,nun,kara,ɡuk,takir,luŋur,mata-,d͡ʒolaw,ma aw,nin,-bailar-,iboka,talar,tamarer,tamata,let,konar,ana,let,aey,d͡ʒena-,ama-,bot,ow,ŋarin,naka,sel,sel,tard͡ʒey,lalean,ɡoyar,pit,et,nar,noŋow,pun,ɡoy,na,kaser,ur,key,laba,olir,tubik,kard͡ʒa,oku rua,d͡ʒo,tip,buɡin,rem,saru,kel,kel,mpey,tut,d͡ʒaya,pan,tarow,areran,tulir,lober,olar,nu,kartow,tama,mela,ɡadar,d͡ʒela,nala,kut,d͡ʒerjer,lowlowʔ,sema,ŋur,laŋay,roin,ɡakir,ɡoin,puin,ɡur,kula,pot,kula,ɡar,tar,tai,masin,sol,ra:,maŋar,ɸolan,ton,efar,,ɡoyan,itopaʔ,ikalaw,enen,d͡ʒow,d͡ʒoar,raray,kor,d͡ʒəmil,nien,ow,para,koban,koraw,paray,elad͡ʒir,beir,konal,,kardakil,ɡaybun,top,otay,menuway,punik,etakokow,lapir,d͡ʒaray,kamarey,karoin,tuboy,epir,kaut,d͡ʒawsin,pit,maera,narak,mera ba,korkaleka,makai,e,eyabil,e tit,e papa,on,one,den,d͡ʒow,onaba,ok,ken,ney,seta,kem,era,ba,nata,apukay,paroŋ,tora,menak,namba,sakali,d͡ʒoeʔ,ot,rua,lat,ka,,,,,,,,,,
Nias,taŋa,kabera,kawolo,ahe,fano,lala,moi,,mo-laŋi,moŋdaʔi,,uli,hulu,talu,tola,betuʔa,ate,fosu,alisi,ila,wai,taʔu,do,hoɡo,baɡi,bu,ixu,mo-hanuhanu,aɡo,bawa,ifo,lela,taw̃a,meʔe,m-uta,ilo,maŋamaŋa,mo-ŋaŋa,loma,inu,usu,sio,taliŋa,roŋo,horo,ila,,m-oro,,ifi,dao,ma-oso,niha,latano,a-lawe,ono,foʔomo,foʔomo,ina,ama,omo,saɡo,toi,w̃aʔo,tali,buɡo,afu,,alu,fana,tuo,tifa,luʔa,bunu,mate,mo-noso,xaʔa,huta,eu,sila,a-taro,halo,ilo,taru,fili,,bao,fera,oxo,koʔo,[b]oli,boka,tutu,handro,toru,asu,fofo,adulo,bu,afi,mu-hombo,teʔu,osi,fanixa,iʔo,ulo,kelew̃azi,utu,di  mboho,kalaw̃a,iʔa,a-bou,daha,bulu,lali,buŋa,bua,duʔu,tano,baʔu,ene,idano,mo-hohou,asi,asi,,tua,laŋi,baw̃a,dofi,lawuo,sau,teu,rita  mbanua,ɡari mbanua,aŋi,mo-bura,a-uxu,afu,a-loso,a-baso,a-bua,alito,tunu,simbo,awu,a-ito,fusi,oyo,undre,,boto,ebua,a-doŋo,a-nau,nifi,,ise,a-wolo,mo-foxo,ila,a-ʔewo,bohou,soxi,lo soxi,duhu,boŋi,luo,dofi,he  meɡa,biniʔo,noi,ba,ba,,tou,daʔa,daʔo,a-hato,a-rou,he,yaʔo,yaʔuɡo,yaʔia,yaʔita,yaʔami,yaʔira,hadia,ha,boʔo,fefu,ba,na,he  wisa,loʔo,faya,sa|ra,dua,tolu,ofa,lima,ono,fitu,,,,,,,
Tetum,liman,karuk,kwana,ain,laʔo,dalan,mai,filas,nani,kfur,rai ahun,kulit,kottuk,kabun,ruʔin,te oan,aten,susun,baas,hatana,hanoʔin,hatauk,raan,ulun,kakorok,fuuk,inur,hasae nawan,horan,ibun,nean,nanaan,hanassa,tanis,kalea,teniru,ha,mamma,teʔin,hemu,makkit,susu,tilun,rona,matan,hare,maas,toba,toba,mihin,tur,harik,emma,mane,fetto,oan,laʔen,fen,ina,ama,uma,tali tahan,naran,haʔak,talin,futu,lita,daun,maraka,hana,sona,tae,hanaʔo,hoo,mate,moris,koi,tetak,ai,fotta,meek,la meek,knawar,furi,kakkan,,bubu,kumu,humur,keʔe,sossa,lake,fai,tuda,monu,asu,manu fuʔik,tollun,rahun,liras,semo,laho,isin,boran,ikun,samea,lattik rai,utu,ninik,labadain,naʔan,dodok,wattan,tahan,abut,ai funan,ai fuan,hae,rai,fatuk,rai henik,we,suli,tasi,masin,we lihun,alas,lalean,fulan,fitun,kaloan,ai abu,udan,kukur,mameran,anin,hu,manas,malirin,maran,bottes,todan,haʔi,sunu,dubun,,metan,mutin,mean,modak,matak,kiʔik,bôt,bettek,naruk,niʔis,maʔar,klot,luwa,moras,moe,tuan,foon,diak,aat,tebes,kalan,loron,tinan,bai hira,funin,saʔe,iha,iha laran,letten,kraik,neʔe,nia,kreʔis,kedok,iha neʔebe,hau,o,nia,ita,emi,sia,sa,se,seluk,hotu hotu,no,kalau,na nuusa,la [le],sura,ida,rua,tollu,haat,lima,neen,hitu,ualu,sia,sanulu,ruanulu,limanulu,atus ida,rihun
Tontemboan,kama,kaʔbiri,kanan,kecey,mawayaʔ,lalan,maʔai,meŋkor,keŋkeŋ,kotor,awu,kuliʔ,licur,poʔot,ruʔi,tinaʔi,ate,susu,bahu,keləkan,maɡənanɡ,mainde,əndaʔ,roʔkos,kanat,wuʔuk,ŋiruŋ,mʔasənɡ,mow,waʔbaʔ,waʔaŋ,lilaʔ,maʔkeʔkeʔ,maʔame,məluaʔ,rumuraʔ,kuman,maʔsəsəp,maʔsiwo,mələp,kumeret,suməsəp,luntənɡ,luminɡan,sumere,maʔtəkəlo,tuməkəl,meʔkel,manɡipiʔ,wərən,lemukut,tumulu,tou,tuama,wewene,toyaʔaŋ,penanaan,penanaan,ina [ŋ],ama[ŋ],wale,atəp,ŋaran,maroma,wawaʔkes,waʔkəsən,mawilit,wiwilit,,lumutaw,tumopok,maʔpankur,rombit,mapaten,mate,mənounou,maʔkoʔməs,toŋkey,kayu,maʔkimbeŋ,telew,umpət,maʔtawoy,luməsəw,maʔpili,tumou,suməɡa,me'mekan,tumimboy,kaʔil,tumələs,wuka,maraʔas,maʔwankil,lumətup,asu,lum lempar,wulina,wuʔuk,tətələw,tumələw,kawok,samaʔna,tawaʔ,ipus,ulaʔ,caciŋ,kutu,pankaʔ,lawa-lawa,səraʔ,maʔwou,cabaŋ,laleyna,amut,buŋaŋ,buaʔ,rumput,tanaʔ,watu,raŋiʔis,rano,mawayaʔ,tasis,asiŋ,tasis,utan,laŋit,sərap,suməsəndot,kambuŋ,lalaindəŋ,muran,ɡuntur,kilat,rəɡəs,maʔrəɡəs,pasoʔ,utiŋ,pəra,raməs,utər,api,maʔtunuʔ,tembur,awu,wuriŋ,kuloʔ,raindaŋ,kuniʔ,mataʔ,təkeʔ,wankər,kolək,lambot,nipis,kuraʔber,pəsut,welar,sumakit,malawi,maʔtua,weru,samaʔ,lewoʔ,wutul,waŋi,əndo,taun,kawisa,yanap,sumosor,an,anuntəp,andaŋka,andarəm,anio,siitu,tawi,tayaŋ,ambisa,yaku,kamu,sia,cita,kamu pakasa,sera,sapa,sisey,walina,pakasa,wo,so,tambisa,raica,maʔreken,esa,rua,təlu,əpat,lima,enem,pitu,walu,siow,saŋapulu',rua nɡapulu',lima ŋapulu',ma'atus,mariwu
Wuna,lima,kema,s|wana,ɡhaɡhe,no|kala,sala,mai,nobelo,leni,noraku,,kuli,,taɡhi,buku,ihi no taɡhi,ɡhete,titi,ɡhofea,pandehao,fekiri,no|tehi,rea,fotu,wuɡhu,vulu no fotu,ne,nofenei,nofowono,woba,waŋka,lela,fo|ta,noɡhae,toŋka,foɡhoniu,fo|ma,kamama,,foraɡhu,fona,komi,poŋke,feteŋke,mata,nofoara,,nolodo,,mo|nifi,neŋkora,noere,omie,moɡhane,ro|bine,anahi,moɡhane,robine,ina,ama,lambu,ɡhato,neya,bisara,rabuta,netapu,netampoli,deu,nofula,netemba,fotobo,nesuwu,nombulaku,fopoŋko,mate,dadi,nekurumasi,nedodo,sau,neboɡha,noroko,noduko,karada,netisa,nepili,tumbu,no|feo,ne|feo,neutara,ne|seli,ne|ɡholi,neleŋka,,ɡhompa,nondafu,d|ahu,manumanu,ɡhunteli,vulu,pani,horo,wolavo,daɡi,,punda,ɡhule,,otu,konunu,kabamba,kenta,no|buru,raɡha,ro,par|aka,vuna,bake,karopu,wito,kontu,bone,oe,,tehi,ɡohia,,katua,lani,wula,kalipopo,olu,ɡawu,ɡhusa,tondu,lela no ifi,kavea,nebuso,no|pana,norindi,nokele,nomoɡhu,no|bie,ifi,ne|tunu,ɡhumbo,ɡhabu,noɡhiɡhito,nopute,nodedia,nokukuni,nofeido,norubu,nobala,nokubu,newanta,nonifi,nokapa,noseke,neware,nolea,noambano,kamokula,nobuɡhou,neta,habarubaru,nokotuhu,korondoha,ɡholeo,taɡhu,inde|fie,nefebuni,nofoni,,,,,a-ini,a-itu,nomaho,nokodohu,nehamae,inodi,ihitu,anoa,insaidi,ihintumu,andoa,ohae,lahae,siɡahano,baribarie,,,,mina,nelentu,iseʔ,dua,tolu,paʔ,,,,,,,,,,
Banjarese Malay,tanɡan,kiwa,kanan,batis,bajalan,jalan,datanɡ,baputar,bakunyunɡ,riɡat,dabu,kulit,balakanɡ,parut,tulanɡ,parutlilit,hati,susu,bahu,tahu,bapikir,takutan,darah,kapala,ɡulu,rambut,hidunɡ,hinak,cium,muntunɡ,ɡiɡi,ilat,tatawa,tanɡis,muak,ludah,makan,mamah,bamasak,nɡinum,iɡut,taɡuk,talinɡa,mandanɡar,mata,lihat,kuap,ɡurinɡ,barabah,mimpi,duduk,badiri,uranɡ,lalakian,bibinian,anak,laki,bini,uma,bapa,rumah,atap,nɡaran,ujar,tali,jarat,jahit,jarum,ɡarit,timbak,suduk,pukul,menyuntan (mencuri),bunuh,mati,hidup,ɡaru,tatak,kayu,balah,landap,bunɡul,ɡawi,tanam,pilih,tumbuh,banɡkak,parah,pinɡkut,tabuk,tukar,buka,tumbuk,tawak,ɡuɡur,hadupan,burunɡ,hintalu,bulu,halar,tarabanɡ,tikus,daɡinɡ,lamak,buntut,ular,cacinɡ,kutu,ɲamuk,,iwak,buruk,,daun,akar,kambanɡ,buah,kumpai,tanah,batu,karanɡan,banyu,alir,laut,uyah,danau,hutan,lanɡit,bulan,bintanɡ,awan,kabut,hujan,ɡuntur,kilat,anɡin,batiup,panas,dinɡin,karinɡ,basah,barat,api,banam,asap,habu,hiranɡ,putih,habanɡ,kuninɡ,hijau,halus,ɡanal,handap,panjanɡ,tipis,kandal,kipit,libar,sakit,malu,tuha,hanyar,baik,buruk,banar,malam,sianɡ,tahun,bila,sambuɲɪ,naik,di,dalam,atas,bawah,ini,itu,parak,jauh,di mana,aku,bubuhan ikam,inya,kita,ikam,bubuhannya,apaʔ,siapaʔ,nanɡ lain,samuaan,dan,jaka,wayahapa,kada,itunɡ,asa,dua,talu,ampat,lima,anam,tujuh,dalapan,sambilan,sapuluh,,,saratus,saribu
Makassar,lima,kairi,kanaŋ,baŋkeŋ,aʔlampa,aɡaŋ,battu,biluʔ,aʔlaŋɛ,raʔmasaʔ,awu,bukku lɛŋ,doŋkoʔ,battaŋ,buku,parruʔ,atɛ,susu,salaŋɡa,issɛŋ,ammikkiriʔ,mallaʔ,cɛraʔ,ulu,kalloŋ,uʔ,kaʔmuru,aʔmaiʔ,aŋŋaraʔ,bawa,ɡiɡi,lila,ammakkalaʔ,aŋŋarruʔ,laŋŋɛ,appiʔru,aŋŋanrɛ,aɲcaʔma,appallu,aŋŋinuŋ,aŋŋokkoʔ,aŋisoʔ,toli,allaŋŋɛrɛʔ,mata,acciniʔ,aʔlaulau,attinro,anraʔba,assoʔna,ammempo,ammenteŋ,tau,buraʔne,bainɛ,anaʔ,buraʔnɛ,baine,ammaʔ,maŋɡɛ,ballaʔ,pattoŋkoʔ,areŋ,aŋkana,otɛrɛʔ,aɲɲikkoʔ,anjaiʔ,jaruŋ,andoaŋ,annembaʔ,annoboʔ,annunruŋ,allukka,ambuno,matɛ,tallasaʔ,aŋkaŋkaŋ,ammoloŋ,kayu,ammuɛ,taraŋ,pokkoloʔ,anjama,attanaŋ,ammilɛ,attimbo,kambaŋ,ammaccoʔ,annaʔɡalaʔ,aŋŋɛkɛ,ammalli,aɲɲuŋkɛ,annumbuʔ,aɲɲambila,tuʔɡuruʔ,koŋkoŋ,jaŋanɟaŋaŋ,bayâo,bulu,kaʔɲiʔ,anriʔba,balao,assi,jamɛʔjamɛʔ,iŋkoŋ,ularaʔ,ɡallaŋɡallaŋ,kutu,lamuʔ,labalaba,jukuʔ,bottoʔ,taŋkɛ,lɛkoʔ,akaʔ,buŋa,rapporappo,rukuʔ,butta,batu,kassiʔ,jeʔneʔ,assoloŋ,tamparaŋ,cɛʔla,balaŋ,romaŋ,laŋiʔ,bulaŋ,bintoɛŋ,rammaŋ,saliu,bosi,ɡunturuʔ,killaʔ,aŋiŋ,annuiʔ,bambaŋ,diŋiŋ,kalotoroʔ,basa,battalaʔ,pɛpɛʔ,antunu,rumbu,awu,lɛʔlɛŋ,kɛboʔ,ɛja,kuŋ̃iʔ,moncoŋ bulo,caʔdi,lompo,bodo,laʔbu,nipisiʔ,kapalaʔ,ecereʔ,luaraʔ,ɡarriŋ,siriʔ,toa,bɛru,bajiʔ,kodi,tojeŋ,baŋŋi,allo,tauŋ,siapanna,accokko,naiʔ,ri,ilalaŋ,iratɛ,irawa,annɛ,antu,ambani,bɛlla,kɛmaɛ,inakkɛ,ikau,iya,(i)kattɛ,ikau ŋasɛŋ,iya ŋasɛŋ,apa,inai,maraɛŋ,iya ŋasɛŋ,na,punna,antekamma,taɛna,aŋŋituŋ,sɛʔrɛ,rua,tallu,appaʔ,lima,annaŋ,tuju,saɡantuju,salapaŋ,sampulo,ruampulo,limampulo,sibilaŋŋaŋ,sisaʔbu
Sangir,lima,kaihi,koaneŋ,laedeʔ,d-um-aley,daleŋ,mahi,tiriŋ,kalaŋ,ma-labusanaŋ,awuleʔ,pisi,likudeʔ,tiaŋ,duhi,tinai,ate,susu,bembaŋ,siŋkaʔ,maŋ-enna,takuʔ,daha,temboʔ,leheʔ,utaʔ,iruŋ,sindaʔ,imbu,mohoŋ,isi,dila,leɡe,saŋiʔ,m-uta,maŋ-edu,k-um-aeŋ,sepa,pakasasaʔ,inuŋ,kiki,sesuʔ,tuli,diŋiheʔ,mata,silo,kiolabeʔ,tikiʔ,demmaʔ,m-ioi,maiaŋ,tiɡoheʔ,tau[mata],eseʔ,bawine,anaʔ,kawiŋ,kawiŋ,inaŋ,amaŋ,bale,atuʔ,areŋ,kueŋ,tali,ikiʔ,ɡepeʔ,da|rahuŋ,meŋanuʔ,me-lutaŋ,susuʔ,tutu,tako,pate,mate,biaheʔ,kaho,ma-nariʔ,kalu,heŋeʔ,maroro,malumu,me-haleʔ,asiʔ,pile,t-um-uwo,hamau,peha,meŋumbeleʔ,baŋka,belli,buka,tetuʔ,paloʔ,ma-nawo,asu,manuʔ,telluheʔ,bembulu,panideʔ,telaʔ,balawo,ɡ|esi,lana,tole,tempu,tempu,kutu,teniʔ,kaluaŋkaŋ,kinaʔ,heneʔ,lelaŋ,dauŋ,hamuʔ,buŋaŋ,bua,dukuʔ,en|tana,batu,ene,akeʔ,eleheʔ,sasiʔ,asiŋ,dano,andeaŋ,laŋiʔ,bulaŋ,bituin,binawa,buhawudeʔ,tahiti,delluʔ,kilaʔ,aŋiŋ,tiuʔ,tetiʔ,dalendiŋ,ma-haŋu,ma-nantaʔ,behaʔ,putuŋ,tutuŋ,tipu,awu,ma-ituŋ,ma-wira,ma-hamuʔ,ma-ririheʔ,ido,kadodoʔ,ɡuwaʔ,ma-nibuʔ,nandu,manipiʔ,ma-sueneheʔ,hepoʔ,ma-lamba,ma-sakiʔ,ma-mea,ɡuraŋ,buhu,ma-pia,dalakiʔ,depaʔ,basa,ello,tauŋ,kaŋereʔ,buni,awiʔ,su,daluŋ,dasiʔ,bawa,ini,ene,sandiɡeʔ,ma-rau,su apa,i  aʔ,i  kau,i sie,i kiteʔ,i kamene,i sire,apa,i  sai,baline,kebiʔ,diŋaŋ,maʔeŋ,kere,baline,me-tiaʔ,ode,dua,tellu,epaʔ,lima,enunɡ,pitu,waʎu,sio,mapuʎo,duampuʎo,liman puʎo,mahasu,sehiwu
Thao B96,rima,tana-wizi,tana-du,kuskus,mun-dadan,saran,mu-nay,tau-shuqish,m-rauz,ma-risris-in,bulbul,shapa,rikus,tiaz,puqu,rumrum,rishi,tutu,qalhafa,ma-fazaq,m-aŋqtu,sh-uŋ-kash,talhum,punuq,buqtur,fukish,muzin,sh-m-inaw,sh-m-azik,ruzic,nipin,zama,ma-cacawa,c-m-anit,m-utaq,ma-filhaq,k-m-an,qirqir,pit'ia,mi-qilha,k-m-irkir,ucuc,lharina,t-un-maza,maca,m-rikaz,ma-shushuaw,malhus,pan-taqnar,matiashaq,mi-lhuŋqu,i-lhilhi,caw,ayuzi,binanauʔaz,azazak,ayuzi,binanauʔaz,ina,ama,taun,tafuq,lhanaz,k-m-uza,qlhiw,q-m-ucquc,sh-m-aqish,lhalhum,mu-ribush,palatatnur,lh-m-irik,k-m-ay,k-un-riu,k-m-ay p-acay,m-acay,ma-qalhtash,k-m-ulhaw,k-un-tun,kawi,t-m-alhtalh,ma-lamlam,ma-tarictic,mu-buhat,malhuiza,kadaduk,lh-uŋ-quz,lh-um-fawa,damriz,h-m-adu,k-m-ari,fariw,t-m-ana,maka-runu,panaq,ma-lhacak,atu,rumfaz,qaricuy,kupur,pali,marfaz,mashmash,bunlhaz,lhimash,wawishwish,qlhuran,qatidauluk,kucu,rikish,kakatu,rusaw,mu-bluc,pana,filhaq,lhamic,bukay,pinalhalhuyza wa kakanin,lhmir,pruq,fatu,bunaz,sazum,maŋ-qaruz,wazakan,qtilha,wazakan,ribush,qali,furaz,kilhpuz,urum,harbuk,qusaz,barumbun,pilhnac,fari,m-iup,ma-tata,ma-shimzaw,ma-qalhiw,ma-tubu,ma-bric,apuy,sh-u-nara,qumbu,qafu,ma-qusum,ma-puzi,ma-qulha,shadunan,ma-dishlum,laŋqisusay,ma-raʔin,luish,ma-kuliush,ma-bazay,ma-kushtur,ma-qtit,ma-haran,ma-karman a but,m-ayaw,sasaz,faqlhu,ma-qitan,ma-karman,dadu,tanlhuan,qali,kawash,kaiza,kuruz,makurada,i,i,i-fafaw,i-pruq,i-nay,haya,i-qualh,i-hazish,i-ntua,yaku,ihu,cicu,ita,maniun,caycuy,numa,tima,suma,ʔazʔaz,masa,ya,apia-kuzan,ani,shupilh,tata,tusha,turu,[sh]pat,ri:maʔ,sturu,pi:tuʔ,kaʃpat,tana:ɵuʔ,ma:kɵin,mapu:sað,,mamavaŋatə,
Favorlang F69,rima,kairi,kallamas,asiel,moas,tarran,mai,,summaso,miach,borrabor,maram,sies,chaan,oot,oda,amorra,zido,babiar,maba,tumpa,mikki,taɡa,oeno,ri,tau,not,chumsan,romosnos,ranied,sjien,tatsira,mais,mirras,mota,erab,man,,mado,micham,maɡkaɡh,tsimipi siep,charrina,masini,macha,mita,,matorro,summara,,mero-os,mbarri,cho,sham,mamali,shiem,,,nai,mau,don,,naan,pala,arat,kummoɡh,summis,,mibonna,poch,tummaba,dooɡh,,pacha,macha,orich,makos,mipies,inan,pilla,maɡɡaat,,merien,,,,,pissir,,parroa,,,,maɡɡa,mioɡ,mado,mampa,rini,chaar,chaar,mabart,kadzies,boa,hema,kier,ibien,kilal,ocho,rieb,tarrara,tsi,mabocho,,bia,bossor,tullala,boa,aras,ta,bato,bonnad,to,,abas,sassi,,maimoch-a-ta,busum,idas,baboan,rabbo,,oetas,bioa,lalka,barri,piop,tadach,maaru,macha,maspe,mataoch,chau,chummar,chatto,abo,makosum,mabukkas,makakas,mkach,mkach,qua,mato,mapappa,ma-asoso,makied,maraɡhraɡh,me-ich,morras,masich,,masham,bao,mataso,rapies,micho,bi-ini,sisa,,sbanno,,,,lallum,babo,matatto,ai,,machaddak,ro,dema,ina,ijo,icho,torro,ima,decho,numma,indema,roman,rummo,a,,,,tumpuk,natta,roa,torro,naspaat,achab,nataap,(na)ito,maaspat,tannacho,zchiett,naroa tsxiet,,,
Kavalan F69,limaʔ,kumawi:liʔ,kawa:nan,ɣa:pan,səma:kai,la:ran,kautuʔ,kəlisən,mənaŋui,paqsilap,taveq,luvə́ŋ,sawaq,pələ́s,tiɣan,nalnaq,pnaʒəŋi:tan,si:suʔ,tɣi'aɣ,su:pəɣan,kəsianə́m,moqtə́t,ɣainaŋ,uɣuʔ,rurə́n,buqə́s,ʔunu'uŋ,səməŋah,vaŋsis,ŋi:viɣ,baŋɣau,lilam,kokoʒan,mu:ɣiŋ,mu:tiʔ,tiapə́s,kanpai,,samal,siɣop,qma:ɣat,səpsə́p,ka:yal,pi:leŋ,ma:taʔ,tmaytaʔ,,mainə́p,səʒitaŋ,,qalə́r,teɣeʔ,ʒa:rat,unanai,taʒuŋanm tarunɡan,su:nis,,,ti:naʔ,ta:maʔ,rəpau,,na:ŋan,siqaumaʔ,qəli:ʒə́n,məqosi:ŋə́t,təma'is,,salaup,battuʔ,toqaiqaqai,puqun,,məttuŋ,pa:tai,manbinus,kaɣau,qəma:niv,pa:ɣin,məŋaɣ,ma:naŋ,mŋa:ʒə́s,saquliʔ,,,,,qumənə́ɣ,ʔalai,ka:lkal,,,,naqai,təmibuk,wasuʔ,ʔaɬam,ti:ɣoh,pakəz,pakə́z,nuba:saɣ,motə́n,ʔəsiʔ,sima,liqə́ʒ,siqqai,kaurey,tiran,ɣi'is,va:tə́ŋ,ba'ə́t,məlatok,,viɣe:ʔ,ɣa:bas,sima'oʔ,disana pəru:ruʔ,su'ai,mranai,batuʔ,buqan,ranum,səmur,ʒi'in,ʒəmian,vutvut,nauna'uŋ,ləʒan,bu:ran,bəltaɬan,ranə́m,təlumtiʔ,ʔuʒal,ʒəŋʒə́ŋ,riʒa'ap,ba:riʔ,təmavaʔ,səmɣaŋ,sassə́n,maisə́ŋ,məʒi:ʒiʔ,ʒinnə́q,ɣamaʒ,puɣa:mar,qi:ɣab,yibuʔ,təŋə́ŋ,bussaɣ,təba:ɣe',pulipuliʔ,pu:liʔ,ki:tə́t,ɣa:yaʔ,məkəʒə́s,maɣɣoŋ,ʔinpis,ətuʒ,ki:tut,tabbai,taɣau,,baibələ́n,ta:suʔ,nəŋiʔ,məsu:kau,maikə́n,tuban tituhabiʔ,taɣa:itiʔ,,qonian,,,,ʔaso:naʔ,[ta-]ba:bau,li:bə́ŋ,ʔanəm,ya'uʔ,məra:ki,məla:ul,ni'an,ʔaikuʔ,ʔaisuʔ,ʔaizip,ʔaytaʔ,ʔaymoʔ,maʒəmun ya'o',muniʔ,tia:naʔ,raratayau,məni'il,səɣəi:,,manaʔ,,bilaŋ,ʔissai,rusaʔ,tuluʔ,spat,ʔulimaʔ,ʔu:nnə́m,pi:tuʔ,va:ruʔ,siwaʔ,stəɣai,ʔuru savtin,,ɣasi:buʔ,
Saaroa F69,ramoco,baciki,aɬanə,sapaɬə,muasa:sala,salaʔa,muacəkəɬə,sakuapikolo,makaɬaŋolo,a:ɬaŋəaŋa,ʔaərə,baliɬacə,likoso,cibuka,culaɬə,baələ,ʔaciʔi,ʔususu,aɬiasa,macaɬia,pa:cə:cəpəŋə,muruaɬə,caraʔə,boŋoʔo,kuaŋələɬa,bəkə:,ŋo:ŋoro,muruaniania:,uma:bali,ŋuso:,aɬi:,ʔabasə,maca:ca:,tumataŋi:,ta:ruta,tuici,uma:u,,aba:bo,miama,uma:racə,maliamucoco,caliŋa,tumimaɬa,bulaiɬi,kumakita,,ma:tatusoro,mata:saʔai,,tuaparo,muasiri,cucoʔo,ɬaɬusa,aɬaina,mamaini,,,inaʔa,amaʔa,salia,,ŋaɬa,amiɬa:,ɬikitalia,pa:ɬəməɬə,tumaɬisua,,muruacəka:,uapana,ɬumaɬiboro,mariabakəsə,,pa:papaci,mamaci,maŋusipi,kara:ro,uaŋətəɬə,kioʔo,ruapici,mabarəbarə,kuabarəbarə,takuʔi:ʔiarə,,,,,maiaəpəcu,umaəməcə,kumakali,,,,mata:pono,muacili,tasau,aɬamə,ʔasarə,ʔalapoŋo,puakə,miapiɬiɬi,taloboco,papaʔa,ʔimarə,ʔisisi,buɬiʔi,kuliʔi,caracə,ɬatika:sə,sarapo,butukuɬo,cumakə,,laɬəŋə,ramiʔi,tabaɬiɬa,masoʔo,sə:səŋə,sarə:,batoʔo,laboko,saɬomo,puabauaɬə,tənəmə,maiɬi,tətənəma,ki:kiuʔua:,laŋica,bulaɬə,ʔacaŋəraɬa,lu:luŋa,mələməta/kaɬaməra,usaɬə,sululuŋa,ʔa:palata:,baratə,pa:ripa,masoŋoli,masarəmə,maparapa,mataɬəŋərə,malisə:ɬə,apoɬo,muacuɬo,bu:bula,ʔaboʔo,malicəcə,mapoɬi,matabuɬiu,maɬisarə,malaŋiɬo,maini,taisa,manitəkə,mələŋəsə,maɬipi:,makisumuru,maini,[m]alanarə,macarəmə,,aɬa:ma,baroʔo,mabacaŋə,takuliacə,mətəaɬə,bərəŋanə,a:ri,,ki:ɬaumaŋe,,,,ruruma:nə,ibabo,kalaɬapa,kaniʔi,kanaʔa,masaɬi,masaiɬa,ni:nau,-ako,iɬao,iɬaisa,iɬata,iɬamo,iɬaisa,ŋaɬaisa,ŋaɬaisa,usuma:nə,mə:məa,ɬa,,auni:ni,,umaiapə,ca:ni,su:a,to:lo,pa:tə,ulima,ənəmə,kupito,kualo,kusia,ma:ɬə,mapuaɬ,,ɬimioŋo,
Werinama,animan,avet,kamuin,ayain,iko,,islot,ibutar,inakv,fofv fofv,lavv lavv,akurit,akotan,atian,aɬuin,avi tuan,ayatan,asusin,avaya|yan,iaveneta,afikir,imtait,alawan,anba,ayonin,aʔulin,aʔilin,amesa,abufmauk,avivin,anifan,amelin,amɬi,takit,aɬua,abeba,aken,muma,bamasa,a|ninv,a|kat,amoit,atarikʌn,ab|loka,amatʌn,abla,amamawa,imtoɬv,iburburiŋ,mnif,iduʷat,akolan,mansia,muana,vina,yana,isawan muana,isawan vina,inan,yaman,uma,yata,anaɬan,aduɬa,wawat,inafit,abakasoma,jaroŋ,ak̚mada,bana,idevat,ibiatv,mana:,abunv,imata,ihidup,ikwas,i|da,ai,ibat,katv,nona,dei,abakatau,badali,me,bi|vawa,lefa,adoman,ikaɬv,balat,balak,dutv,idutv,imnavv,yasv,miova,tolin,avurin,yeon,idivv,mi|lava,aʔisin,avatan aiak,efat,bufin,caciŋ,tinan,umanis,,ian,mikoban,ai yakan,ai lan,ai waʔat,ai futin,ai vuan,fofv,yena,vatv,yena,wai,baitv,lautan,,timalola,ai lalan,lakit,vulan,toin,awan,kamu kamu,ulan,dola,kalak,yakin,anu,bafanat,baʔidikv,mamala,loba-loban,biat,yafv,i|dun,numik,ɬavv,mametan,babutv,dadau,unin,id͡ʒo,fofinyana,aiak,wetuwetik,aʔotak,minifit,vitol,kofakofat,tiban,mayaut,imayan,tuain,vavoi,kamuin,kajahatan,mamenin,matabot,bilima,na,bot fila,basavunin,sa:,va,valala,ko lete,ko na vaɬ,li,lin,wetuwetik,aʔotak,ana,ya,an,ia,ita,em,sia,safa,se|ma,kulkul,sev sev,dua,ø,dawaia,sak|ali,arekinɡ,san,lua,tol,fetv,,,,,,,,,,
Sundanese,leuŋeun,kenca,katuhu,kaki,leumpanɡ,jalan,datanɡ,menɡkol,nɡojay,kotor,peleduɡ,kulit,tonɡɡonɡ,beuteunɡ,tulanɡ,peujit,hate,susu,taktak,nyaho,mikir,sieun,ɡetih,sirah,beuheunɡ,rambut,irunɡ,nyeunɡhap,nyium,sunɡut,huntu,letah,seuri,nanɡis,utah,nyiduh,dahar,nɡaɡayem,masak,nɡinum,nɡeɡel,nyeuseup,ceuli,nɡadenɡe,panon,nenjo,heuay,sare,nɡaɡoler,nɡimpi,diuk,nanɡtunɡ,jelema,lalaki,awewe,budak,salaki,pamajikan,indunɡ,bapa,imah,hateup,nɡaran,nɡomonɡ,tali,meunɡkeut,nɡaput,jɘrum,moro,nɡabedil,nubles,neunɡɡeul,maok,maehan,paeh,hirup,nɡaɡaro,motonɡ,kai,meulah,seukeut,mintul,diɡawe,melak,milih,tuwuh,bareuh,meres,nyekel,nɡali,meuli,mukɘ,nutu,maledoɡkeun,raɡraɡ,anjinɡ,manuk,endoɡ,bulu,janɡjanɡ,hiber,beurit,daɡinɡ,ɡajih,buntot,oray,caciŋ,kutu,reunɡit,lancah,lauk,buruk,dahan,daun,akar,kembanɡ,bubuahan,jukut,taneuh,batu,keusik,cai,nɡalir,laut,uyah,talaɡa,leuweunɡ,lanɡit,bulan,bentanɡ,meɡa,halimun,hujan,ɡuluduɡ,ɡelap,anɡin,niup,panas,tiis,ɡarinɡ,baseuh,beurat,seuneu,meuleum,haseup,lebu,hideunɡ,bodas,beureum,konenɡ,hejo,leutik,ɡede,pondok,panjanɡ,ipis,kandel,heurin,rubak,ɡerinɡ,era,kolot,anyar,alus,jahat,bener,peutinɡ,poe,taun,iraha,ɲumput,naek,di,dijero,diluhur,dihandap,ieu,eta,deukeut,jauh,dimana,kurinɡ,maneh,manehna,uranɡ,maraneh,maranehanana,naon,saha,lain,kabeh,jeunɡ,lamun,kumaha,henteu,nɡitunɡ,hiji,dua,tilu,opat,lima,ɡenep,tujuh,dalapan,salapan,sapuluh,dua puluh,lima puluh,saratus,sarebu
North Babar,'namne,,,he'inni,inata'tanna,'haʔanai,ɳ'mai,,ɳ'wɛnnai,,,u'nɛʔinai,,'apene,'runai,,a'ʔaɲa,'dutnijɛ,,ja'ʔakijai,,,'raʔanai,'unni,'onne,'mukai,'otne,,,'dioʔane,'itne,'naməne,ɳ'hanni,ɳ'naroti,in'moʔo,ɳ'nɛtivo,ɳ'weβo,,,'mimno,ɳ'wedado,,'klinnɛ,jɛ'ʔennio,'matənnɛ,jɛ'tenni,,'niʔina,,ɳ'namui,ɳ'waʔarena,ɳ'nɛpri,'ejai,'mɛɲai,'waʔai,'annai,'davɛne,'amne,'ɛnne,'davɛne,'omai,,'anai,,vi'aʔai,,,,,,,,,ɳ'wunni,ɳ'maʔi,,ɳ'weivero,,,,ɳ'nəmare,,,,,,,,,,,,,,ɳ'nɛkɲe,a'duvijai,'manija,div'kenjai,,,ɳ'nimo,'martai,'itinai,nɛ'prono,'inijai,siaʔanan'nanna,,'otijai,da'dadai,,'inai,ɳ'pure,,'kaʋnija,'viana,,'vuna,'weβəna,'kanjai,'waʔajaie,'ɛnija,'βieja,,na'nora,'dojai,,'wura,,'wona,'toʔonɲa,'mudai,,'ho:na,,,'anniai,,ɳ'vetunni,'nɛrinnu,ɳ'mɛti,,,'amijai,'tunni,a'mematɲai,'niavi,ɳ'mɛʔemmo,ɳ'worwore,ɳ'meme,'kurnai,'hidʒau,,,,ne'plavado,ɳnɛm'nido,wo'tɛnne,,,,,ɳnɛn'ɲero,'ʋiʋijɛ,'duane,,,mɛn'mɛnno,,,,,,,'ranne,na'hunvia,nera'wenna,'hija,'hejai,ho'riorijɛ,wiar'niɛte,'nomai,'jawu,,,'ita,'owu,,'dadijɛ,'dedijɛ,,ɳ'nehupno,,,'ɛtimai,ka'manne,,'mɛdɛ,'ruwu,'kini,'ato,,,,,,,,,,
Imroing,lim'mute,,,ol'mute,'kenah,'anne,'moi,,mou'luli,,,'kulimo,,a'pɛlmu,'rulije,,ra'mɛlmu,tutu'mute,,'owu,,,re'ɛmo,o'kamu,kɛl'lemu,'to:mo,ir'lɛmmu,,,lo'remu,lil'mute,'nummu,mo'muni,mokə'lenu,mo'moku,mo'wiku,o'naitu,,,'mɛməle,'minei,,'klilmu,nu'kainu,muku'mute,m'konei,,mə'nino,,mu'jɛlle,'pero,'mopri,'oliɛʔ,o'meli,o'paki,u'nɛmmu,o'pemu,'ume,'ile,om'kummu,'imme,,'nunmu,,'wɛ:,,,,,,,,,'meli,muko'tienu,,le'veru,,,,mare'tallei,,,,,,,,,,,,,,m'lɛtɲɛ,'uttie,'mune,mune'kɛllie,,,mə'lemu,'popije,'itʲije,mop'prole,i'ririje,il'likəme,,'okʰe,'atitije,,'ille,'porɛʔ,,'olje,'wɛlje,,'wuiljɛʔ,we'βəle,'kale,'wakʰe,'ilijɛʔ,'weje,,'loronu,'to:,,'wo:ru,li'anti,'reme,kowa'kowa,'louvke,,'omle,,,'unnɛʔ,,lol'patəlɛʔ,'pille,mɛ'kɛlli,,,'uje,m'kuli,'mutile,'uβije,me'mekame,wo'wore,lem'lolore,mar'mara,mot'mote,,,,pɛ'talleji,pom'keki,wo'kɛlli,,,,,porkor'tʃenu,pe'ruti,tuwa'loinu,,,lol'lɛtnɛʔ,,,,,,,ime'rame,arie'mɛlli,'koronu,'talje,'oije,ore'rieki,warlɛk'talle,'nelo:,'ui,,,'ikemʲe,'owu,,'wɛtto:,'to:i,,lika'muje,,,'apəto:,ka'rime,,'mɛtle,wo'ru,wo'keli,wo'jate,,,,,,,,,,
Melayu Sarawak (dialect),tanɡan,kerek,kanan,kaki,berjalan,jalan,datanɡ,belok,berenanɡ,koto,debu,kulit,belakanɡ,perut,tulanɡ,usus,ati,nenen,bahu,tauk,mikir,takut,darah,palak,ɡeruk,rambut,idonɡ,nɡintak napas,ncium,mulut,ɡiɡi,lidah,tetak,nanɡis,mutah,ludah,makan,nɡinyak,masak,minum,nɡiɡit,nɡisap,telinɡa,ndenɡar,mata,nanɡa,nɡuap,tido,ɡurin,nɡelamun,duduk,berdiri,uranɡ,laki,empuan,miak,laki,bini,mak,bapak,rumah,atap,nama,madah,tali,nɡikat,njait,jarum,mburu,nembak,nusuk,panɡkak,ncuri,munuh,mati,idup,n'ɡaruk,motonɡ,kayu,m'rukun,tajam,tumpul,berkebun,nanam,milih,numbuh,kembanɡ,miecit,mieɡanɡ,n'ɡalik,mbeli,mbuka,nukuk,nikam,ɡuɡuk,asuk,burunɡ,telo,bulu burunɡ,sayap,terbanɡ,tikus,daɡin,lemak,eko,ular,cacin,kutu,nyamuk,labah-labah,ikan,buruk,dahan,daun,akar,bunɡa,buah,rumput,tanah,batu,pasir,aiek,nɡalir,laut,ɡaram,tasik,hutan,lanɡit,bulan,bintanɡ,awan,kabus,ujan,ɡuruh,ɡuntur,anɡin,niup,panas,sejuk,kerin,basak,berat,api,nunuk,asap,abu,itam,putih,mierah,kunin,ɡadonɡ,kecik,besar,pendek,panjanɡ,kurus,tebal,sempit,luas,sakit,malu,tua,mudak,baɡus,jaik,menar,malam,ari,taun,bila,tapok,ndekik,di,dalam,atas,dibah,tuk,ya,dekat,jauh,bila,kamek,kitak,nya,kamekoranɡ,kitak,sidaknya,napa,sapa,lain,sememua,denɡan,mun,ɡeni,nisik,nɡitunɡ,satu,duak,tiɡa,empat,limak,enam,tujuh,lapan,sembilan,sepuluh,duak puluh,limak puluh,seratus,seribu
Sama (Sibutu),tanɡan,ɡibanɡ,kanan,bittis,luman,lan,pittu,paseklo',lumanɡi,limmi',ɡabumbun,kulit,bukut,bottonɡ,toolanɡ,tinai,atey,susu,baha,tau,mikil,talow,laha',kok,kɔllonɡ,buhok,unɡ,,,bowa',empon,della',tittowa,tanɡis,utta',,manɡan,papa',maɡballa,inum,keket,sossop,teynɡa,kale,mata,nda',owap,tuli,ɡulinɡ,uppi,,pantow,aa,lalla,danda,anak-anak,halla,handa,nɡɡo',mma',luma',bubunɡan,,haka,lubid,enɡkot,osso',jalum,,pana',,titik,tanɡkow,,matey,llum,kaskas,,kayu,maɡbahaɡi',,,,tanom,pene',,,,intan,,billi,,tappa,hiyak,labu',ero',manuk-manuk,intollo,balahibu,kapet,,babow,isi,lammok,,sowa,kaloɡ,kutu,hama',lawa'lawa',deynɡ,,penɡa,down,ulaɡat,bunɡa-bunɡa,buwa'buwa',paranɡ,tana',batu,unɡus,bohe',,tahik,timus,tahik,talun,lanɡit,bulan,mamahi,landunɡ,,ulan,ɡuntul,lalat,baliyu,,,,toho',base',,,bunu',humbu,,ettom,pote',keyat,baninɡ,ɡaddunɡ,diki'diki',heya,pondok,,nipis,kapal,kiput,luhas,sakki,iya',,bahau,hap,laat,towwa',sanɡom,llow,tahun,sumilan,,,ma,ma jalom,ma jata',ma deyo',tutu,naan,tapit,ta',,aku,kow,ya,kita,kam,siɡeya,,,,kamemon,maka,banɡ,,e,itunɡ,issa,duwa,tallu,mpat,lima,nnom,pitu',walu',siyam,suppu,,,-hatus,ibu
Sama (Pangutaran),tanɡan,kai,kata'u,tiɡo:l,l'nɡnɡan,d'ddo:k,t'kka,palibut,pal'nɡnɡoy,l'mmi',hiɡbun,kuwit,bukut,b'tto:nɡ,bo:ko:ɡ,l'nɡnɡo:n-l'nɡnɡo:n,atay,daɡha,baɡaanɡ,ta'u,pikil,tiyaw,laha',kok,k'llonɡ,buun,unɡ,p'nɡnɡa-p'nɡnɡa,hanɡut,bo',b'ɡɡa anɡ,d'lla',t'tto,tanɡis,uta',s'pput,manɡan,mapa',b'lla,inum,nɡeket,s'sso:p,tainɡa,ke,mata,'nda,nɡoap,tuwi,pabahak,nɡupi,tinɡko',tanɡɡe,a'a,l'lla,d'nda,anak,h'lla,h'nda,ina',mma',luma',ato:p,o:n,ba',lubid,inɡkotan,nahi',jaum,timbak,piyana',hantinɡ,pinto:l,tanɡkaw,bono',matay,'llum,kahut,laɡut,kayu,kobak,to:m,to:mpo:l,hulas-sanɡsa',tano:m,pene',suwiɡ,baha',p'ɡɡa','ntan,kali,m'lli,unɡkad,n'ppa,hiyakan,laɡno:k,ero',manuk-manuk,ikluɡ,bu,pikpik,palenɡ,b'ddek,isi,lmmok,lanɡjanɡ,so,kalo:ɡ,kutu,namuk,lawa',dainɡ,ɡabuk,sa'pan,daun,ɡamut,sumpinɡ,buwa',kawat-kawat,tana',batu,unɡus,bohe',liyud,danaw,asin,tahik,taun,lanɡit,bulan,bituun,ɡabun,lamo:n,ulan,l'ɡɡo:m,kirat,baliyu,tiyup,pasu',haɡɡut,toho',base',bohat,api,tutunɡ,humbu,abu,ito:m,pote',keyat,biyaninɡ,ɡaddunɡ,diki',mehe,put,taha',nipis,kapal,kiput,loha,saki,ayya',toa,bahu,ayad,laat,tawwa',sanɡo:m,'llaw,tahun,umay,limbu,daɡ,ma,madiyo:m,diyata',deyo',itu,iyu,ta:,siko:t,mainɡɡa,aku,ka'u,iya,kita,kaam,siɡa,ay,say,s'ddi,kamemon,maka,'mbila,salainɡɡa,'nsa',itunɡ,dakayo',duwa,t'llu,'mpat,lima,'nno:m,pitu',walu',siyam,sanɡpu',,,hatus,libu
Ujir (Schapper),lima,nɡafa,,ai-,,,,,,aiwaku,,,,tubu-,tul,,ata,,dawa- lin,,,,udu,ulu-,li- wanɡi,wil fuki,,,,fafa-,,,,,,,-manam,,-nes,,,,taka-,,mata-,,,,,-bukau,,,,sailet,,anat,sa,,ina,ama-,juma,,nɡei-,noka,,,,,,-an,,,,,,,,,,,,tubak,,,,,,,,,,-fay,,,,fo,woitau,tuli,fuki,,,,tama,milmila,,,,,tuntun,,ika,,ran,rawin,,wawil,fuai,ur,fafa,,,,,,,,,,fulan,,,kafkafal,,,aibata kau,,,,joi,maimai,,din,,,,abu,,,,,,,banɡi,,nar,,,,,,,,,loki,kajata,maloli,,,,,,,-na,,jotjo,,,,,,,ak,,na,,,,,,,akamai,ati,,-koiba,,,set,,,ka,lima,,,karua,,,,ui lima,,
